trial,participant,bp_5s,mrt90_5s,mrt120_5s,mrt150_5s,bp_1s,mrt90_1s,mrt120_1s,mrt150_1s
tt1,p01,67.1739498285798,39.25327108568779,39.003318247094015,38.89890812423346,65.61069973816136,36.43217548772844,36.749482567122584,36.82793047447508
tt1,p02,41.60600972948572,24.831501395142602,24.863163367473497,24.748396980871824,39.30538002291177,23.10011529945075,23.16810363260163,23.130722150595695
tt1,p04,38.548126229504334,24.597314063506467,25.104108988813604,25.160854034104204,35.613524146916255,22.266262932859437,22.41564131184797,22.415555102301212
tt1,p07,36.28580996197541,21.45770156497859,21.60419519124499,21.556219171709788,32.47425904844571,19.532111460887023,19.450142203033657,19.51775767472984
tt1,p08,46.72455832928441,29.96453702092648,30.238688489332198,31.653508316744265,42.511623566684186,27.927610335168854,28.036215877756028,29.34732824991771
tt1,p09,52.458553013125474,31.188751242429724,31.31016713808083,30.893588304998225,50.40488988043672,29.25188879170588,28.995965581218208,28.505307208434807
tt1,p15,47.16787976744564,31.0532894871617,31.856319282822227,32.78296822574991,43.653322956363155,28.5541094403864,29.680988247305777,30.701851815323113
tt1,p17,41.31515958391206,25.451595350223663,25.7635710256423,26.16063492523626,38.828948830858124,23.896425209549253,24.159653173423834,24.433885514090658
tt1,p18,35.809246232305064,22.774526468303026,22.937610909925727,22.968651884570683,31.580759292061995,20.223321347913735,20.054602049653923,20.045284359663913
tt1,p19,42.004096897584446,24.924302462921446,24.867629509715666,24.76379720978423,38.46690098069883,22.840493080320037,22.81305044160444,22.765087321291475
tt1,p20,42.94898285941966,26.645814675721795,27.07136010829275,27.36809755608312,41.321028748672454,24.284251715326356,24.557242989772263,24.71319766988784
tt1,p21,46.8931640048384,31.626938906336562,32.484681763470256,32.730537845484946,41.69764346610804,29.354921617902573,30.391330876444755,30.698811825335277
tt1,p25,48.255687996637405,31.55429695770563,30.861504201422065,30.938053327050728,44.62389337282227,29.364112285684378,28.860166334880375,28.97002540145953
tt1,p26,58.17885435912181,38.134738894517014,42.55671523178314,43.59464180121107,52.54104915865534,35.71569846122404,41.14403640264892,41.98553086660341
tt1,p27,48.249463803545545,28.972768102732992,29.132498053657557,29.364740911961015,44.36218565789593,26.853508531553246,26.89991677349395,27.068456856623122
tt1,p28,47.53917597853777,28.821025166004148,29.211933550099985,28.843304205295688,44.37088613215608,26.47065995784011,27.062221608864505,26.814523307297165
tt1,p29,43.80617173524339,26.116786992128183,26.680951001088836,27.31983181814377,41.60501104990716,23.57357325419872,23.803957573688233,24.09945242792252
tt1,p31,42.031458037489664,24.617283297597425,24.47517147933683,24.41371553871995,40.53585545152202,22.288751373939142,22.188993457385138,22.15569693751842
tt1,p32,37.27496293177422,23.875858470356917,24.52887297919015,25.032382637831617,34.18488581718976,19.842903822616385,19.560331516605107,19.728305225864617
tt1,p33,54.2514776727021,36.45546276055317,36.69798967286373,37.38164578232172,52.302390664897395,33.70731460775901,34.406091695085834,35.243451686573195
tt1,p35,40.72823326494654,24.149187823027958,24.104024460840147,23.865248103237253,38.991632547278414,21.99166580858606,21.979707832888806,21.877049399488
tt1,p36,63.51437650347212,45.27016370288623,42.58496082430166,43.40430586723036,62.4068080022562,41.74414703277242,40.024916119854176,41.129762234407494
tt1,p38,33.12791863063722,22.610293038510243,22.499929981148576,22.426913851151287,31.170405132472375,20.07962178148437,20.099749680115625,20.10720362739699
tt1,p40,46.60159747379819,28.138603908639105,28.275522963754987,28.831983692793887,44.35251012826256,26.335515511035805,26.55900843073139,27.037107370323113
tt1,p42,41.139385858185335,25.995084144146,25.74244675686677,25.790059077624893,35.561578048696774,23.615905975334,23.38129021019541,23.41281505635022
tt1,p43,52.09546462690327,30.731992924424272,31.74742316545465,32.1998153616065,49.489578723776496,28.57605976044374,29.588706887920104,29.973390440629103
tt1,p44,43.7696241561686,29.38904560561565,30.687416970345033,31.210711691705566,40.49177411115625,27.237340601612498,28.589747457970695,29.04018562982958
tt2,p01,57.904168894008784,38.50329101324853,37.1640141044678,37.77738612899165,56.48631097603733,36.08632570114641,35.01416698000154,35.71677067175243
tt2,p02,41.27377443940825,23.629995416015436,23.86519788287818,24.06147914416772,41.59152612607077,23.16572648315983,23.42653620253656,23.552772761801506
tt2,p04,45.66887687617384,28.882040617258028,28.53042960061441,28.62277572963395,42.33926792863488,26.787199118314938,26.482878388157236,26.572299781189997
tt2,p07,35.96365761678234,23.406136258003407,24.095028906498158,24.032857885060487,32.80250956620409,18.8034404050385,18.879744789793016,18.559512101243136
tt2,p08,46.79544831368999,29.269702260696505,30.185352601833685,31.701397479167184,43.6652386964973,27.166841314499024,28.010995517385368,29.399502206702643
tt2,p09,46.845325292214646,28.01299596704918,28.54913716911307,28.74730407365864,43.190384222089364,25.44968570570902,25.67300081160253,25.709216768186415
tt2,p15,47.109011857346545,31.542600558121453,31.86307260793778,32.43590317852704,43.7444021364886,29.36240454719777,29.839230988954572,30.440746365481033
tt2,p17,43.10951600291424,27.94632238253893,27.39380484240339,27.957019339700125,40.67513970103114,25.869149956216376,25.363107818435417,25.790371159683023
tt2,p18,39.43023940289568,23.462623286587892,23.5711656391574,23.408876864920703,36.49626969403699,20.966141891853752,21.027111633548962,20.950760642405683
tt2,p19,46.34698261027896,26.93283967609348,26.95574687122639,27.09262221315565,42.974315538069156,24.7702430250404,24.772851814877118,24.86293174002719
tt2,p20,48.006400534629236,32.37867731698692,33.550123470117086,34.116270682075935,44.05195073831048,30.05857961439584,31.299833353666976,31.874597026151214
tt2,p21,54.77897973786952,35.38372897243872,38.09269854020848,39.466255667155785,50.628557725948944,32.935744019030096,35.70732653823876,37.255205226818944
tt2,p25,45.94858934114741,25.37461555309117,25.145694418040744,25.279305581723605,44.652429892971305,24.252628570588005,24.183922728886245,24.304934671649903
tt2,p26,46.61937609777198,29.647089082413725,31.60875203639366,34.10266778232031,43.46348056908006,27.591913549943868,29.483634977242875,31.946835452123505
tt2,p27,48.184743092238655,29.165073689925485,29.40899616399502,29.374982189601532,44.432102985718835,27.20307700100998,27.457632345965244,27.441076268828965
tt2,p28,47.30402302257938,34.39259734265173,35.30348866970311,36.15529244064923,43.711704973602814,31.620306554013336,32.98004487106085,34.00603944445696
tt2,p29,40.90862821232479,26.262218574427607,25.58620878008567,25.561036277669764,37.559644149667484,23.7454516734956,22.16071797855295,22.107694948303795
tt2,p31,43.37619387118907,27.38399561522295,26.86372800221327,26.79116893490737,41.37823534858052,25.677444054374284,25.327008182358774,25.292483375379526
tt2,p32,43.28159958442886,27.905713460112615,28.84382716741715,29.273745976534286,40.57129719537987,25.643439242676898,26.178818902414374,26.349723008551365
tt2,p33,49.99999999454887,36.250963436943096,34.86882116028572,35.40754485996543,46.58666418358714,33.18970565637434,32.807908953928624,33.415106907549216
tt2,p35,46.41350260021132,24.376996925997894,24.15527276208742,24.072657977313273,45.509175838577335,21.51693074822703,21.369888924902888,21.344742755112794
tt2,p36,55.57928873891102,37.35033486511246,43.44235135904361,51.09386086813754,53.59124892407782,34.38462800565092,41.16867495913801,49.858774691759734
tt2,p38,36.73847374450304,23.062479500049843,23.23012919013008,23.490850428719167,35.16809687634302,21.501245502443027,21.518496813886344,21.483522142016426
tt2,p40,47.51489931299824,31.13346184714166,31.031990304996732,30.30234921306792,44.408394499728445,29.093465851642854,29.230875121854723,28.697760003523722
tt2,p42,37.72940042202565,24.236298045498344,23.80067899983629,23.811508046430724,34.44003296337584,21.81329200074068,21.569283041400304,21.57261174406956
tt2,p43,46.844989393761765,27.501277337413235,28.458294550444943,29.237738991591975,44.727883503103904,25.358262840824125,26.13884039425633,26.70229828548754
tt2,p44,46.243045726345166,32.23761769646083,32.72197656471914,35.43372560986169,41.635038373215615,30.22898019394158,30.67492037502079,33.5901738951631
