analysis,trial,quantity,n,median_5s,median_1s,median_abs_diff,max_abs_diff,bias,loa_low,loa_high,resolution,r,r_ci_low,r_ci_high,ratio_median,ratio_cv_pct,icc_3_1,icc_ci_low,icc_ci_high,typical_error,typical_error_cv_pct
agreement,tt1,bp,27,43.80617173524339,41.60501104990716,2.9346020825880785,5.637805200466467,-3.0014801773837028,-5.4478496438673325,-0.5551107109000726,,,,,,,,,,,
agreement,tt1,mrt90,27,28.138603908639105,26.335515511035805,2.328531923658282,4.032954647740532,-2.35339518618156,-3.3533129042920473,-1.3534774680710724,,,,,,,,,,,
agreement,tt1,mrt120,27,28.275522963754987,26.55900843073139,2.2024726115761695,4.968541462585044,-2.3063301622203274,-3.546494500440301,-1.0661658240003542,,,,,,,,,,,
agreement,tt1,mrt150,27,28.831983692793887,26.814523307297165,2.170526061875986,5.304077411967,-2.316957052337893,-3.6911508242965363,-0.9427632803792496,,,,,,,,,,,
validity,tt1,bp_vs_mrt90,27,,,,,,,,5s,0.9479032878390323,0.8876273161630872,0.9762543431445427,1.6118472406307178,5.525157972983558,,,,,
validity,tt1,bp_vs_mrt120,27,,,,,,,,5s,0.9358234358749474,0.8625572239654674,0.9706492984015217,1.5981148274963974,6.150572779410451,,,,,
validity,tt1,bp_vs_mrt150,27,,,,,,,,5s,0.9219271918644567,0.8341556670187702,0.9641543137342482,1.5792873415337774,6.977779757316198,,,,,
validity,tt1,bp_vs_mrt90,27,,,,,,,,1s,0.9329215998516187,0.8565879760265704,0.9692971887454062,1.6520070591807303,6.8799669700110515,,,,,
validity,tt1,bp_vs_mrt120,27,,,,,,,,1s,0.9001535801659629,0.7905709589588268,0.9538747286846792,1.6395877165392048,8.183836123460484,,,,,
validity,tt1,bp_vs_mrt150,27,,,,,,,,1s,0.8886983759708613,0.7680780273737776,0.9484155381871046,1.6388886109346632,8.907555890058351,,,,,
agreement,tt2,bp,27,46.41350260021132,43.46348056908006,3.1558955286919215,4.608007353129551,-2.7939937558062296,-4.965739899329153,-0.622247612283306,,,,,,,,,,,
agreement,tt2,mrt90,27,28.01299596704918,25.869149956216376,2.1801960109236838,4.6026958529649065,-2.2736827211093575,-3.671359941052205,-0.8760055011665102,,,,,,,,,,,
agreement,tt2,mrt120,27,28.54913716911307,26.178818902414374,2.1743570844483173,5.215284116705142,-2.2421677391770745,-3.846618969548528,-0.6377165088056211,,,,,,,,,,,
agreement,tt2,mrt150,27,29.237738991591975,26.572299781189997,2.155832330196805,5.473345783817351,-2.222597019232939,-3.9620710271473167,-0.4831230113185616,,,,,,,,,,,
validity,tt2,bp_vs_mrt90,27,,,,,,,,5s,0.8765145106095796,0.7444765765013577,0.9425699632017215,1.557698870580526,7.711407620953126,,,,,
validity,tt2,bp_vs_mrt120,27,,,,,,,,5s,0.8632522352326504,0.7191558346119756,0.9361606580532141,1.5736958137404922,8.986735163727571,,,,,
validity,tt2,bp_vs_mrt150,27,,,,,,,,5s,0.8194708830983466,0.6381985795349429,0.9146525504695187,1.5639482212865206,11.151865846926462,,,,,
validity,tt2,bp_vs_mrt90,27,,,,,,,,1s,0.8306947248078478,0.6585776524126048,0.9202182465163372,1.581761621809499,9.625737619066276,,,,,
validity,tt2,bp_vs_mrt120,27,,,,,,,,1s,0.8259962156609622,0.6500157603175616,0.9178927397586785,1.6037127623400327,11.172715491081057,,,,,
validity,tt2,bp_vs_mrt150,27,,,,,,,,1s,0.7883686898030904,0.5830233327444312,0.8990386626510499,1.5933610668733313,13.621638131278962,,,,,
reliability,,bp,27,,,,,-0.13260202716393865,-9.922643709040338,9.65743965471246,5s,,,,,,0.7314859944202745,0.4922178897916931,0.8679847526537806,3.5319412557927317,7.704750770355461
reliability,,mrt90,27,,,,,0.2603537476043093,-6.927893105753601,7.448600600962219,5s,,,,,,0.7406797751053618,0.507272779043983,0.8728480963285579,2.5932949463531836,8.95249323437144
reliability,,mrt120,27,,,,,0.42199285376986034,-6.791417788990048,7.6354034965297695,5s,,,,,,0.7694323979134541,0.555293196436393,0.8878901344959763,2.6023732556014,8.865133242067543
reliability,,mrt150,27,,,,,0.9075950858241655,-6.792578905842914,8.607769077491245,5s,,,,,,0.7938047609617038,0.5971477833789853,0.9004453275570731,2.7779822682775905,9.299480333974161
reliability,,bp,27,,,,,0.07488439441353431,-9.777416278239643,9.927185067066711,1s,,,,,,0.7412486678126582,0.5082090494102355,0.8731481701982226,3.5544023550621655,8.276957011255325
reliability,,mrt90,27,,,,,0.34006621267651177,-6.734677069436849,7.414809494789873,1s,,,,,,0.7365871609295849,0.5005534508422365,0.8706864149181137,2.5523464030287393,9.57593590087917
reliability,,mrt120,27,,,,,0.48615527681311277,-7.0758740500386,8.048184603664826,1s,,,,,,0.7601193487758091,0.5395813255075362,0.8830455542672482,2.7281439880348923,10.074051359896142
reliability,,mrt150,27,,,,,1.0019551189291191,-7.179573772269643,9.183484010127883,1s,,,,,,0.7852405245046383,0.5823173911053598,0.8960536994047987,2.951640081347092,10.693313946784656
