method,quantity,n,mean_tt1,mean_tt2,icc_3_1,icc_ci_low,icc_ci_high,typical_error,typical_error_cv_pct,bias,loa_low,loa_high,bias_p
cleaned,breakpoint,27,45.90738479506013,45.7747827678962,0.7314859944202745,0.4922178897916931,0.8679847526537806,3.5319412557927317,7.704750770355461,-0.13260202716393893,-9.922643709040338,9.65743965471246,0.891347270440798
cleaned,mrt,27,28.383562950879085,29.1952663779651,0.6353834909001385,0.3429750545979181,0.8155310765952539,3.2551067729457692,11.306609776156458,0.8117034270860133,-8.210992217647942,9.83439907181997,0.3679728289940754
cleaned,mrt_full_window,27,30.25367369813967,32.185268020048206,0.7957806439508791,0.6005885464248429,0.9014554571786638,3.562686854549746,11.411746440641446,1.9315943219085356,-7.943669811748947,11.806858455566019,0.05696230225379779
cleaned,tau,27,14.090980744684503,16.258057694287366,0.5102226523406692,0.16847609355753537,0.7424710316202408,3.990174935513431,26.295231353290976,2.1670769496028615,-8.893123690083936,13.22727758928966,0.05656678472549453
cleaned,td,27,14.292582206194583,12.937208683677737,0.41315870275721805,0.04644777546410021,0.6817342488637461,2.217579151386386,16.28788968931215,-1.3553735225168477,-7.502189325108682,4.791442280074986,0.03344648701093448
cleaned,fast_end_95,27,56.5655244402481,61.71138176653982,0.557453816445659,0.23190184524894908,0.7707060012401281,10.838857034784747,18.327934644882863,5.145857326291734,-24.89792156737088,35.189636219954345,0.09290549662394372
cleaned,slow_component,27,0.16224794478985394,0.2250838577189461,0.6256411245197738,0.3286271515241745,0.8100430580368738,0.18177181871428136,93.85845290106361,0.06283591292909214,-0.44100986278550997,0.5666816886436943,0.21528775648356252
cleaned,t50,27,24.79740201985931,25.947792428003535,0.6648930694072244,0.38728359477133206,0.8319588712122392,3.165903402977828,12.477648129737975,1.1503904081442253,-7.625046109978356,9.925826926266808,0.193415835477508
cleaned,t90,27,61.25962825436287,73.8376909962262,0.5086974167021254,0.16647399292472173,0.741545274715182,24.642343196821077,36.480876650279825,12.578062741863333,-55.72702773502628,80.88315321875295,0.07200789401686197
cleaned,td2_supported,9,80.0561012768089,94.91561562349288,0.36213468867994525,-0.3498097653389552,0.8089240318503023,42.00699314071426,48.015752356879126,14.859514346683973,-101.57793010497491,131.29695879834287,0.4745068540819661
sg,breakpoint,27,46.24115751187138,45.62925860368914,0.7599165914320024,0.5392409574238307,0.8829397891497304,3.3091807275281706,7.20401815393036,-0.6118989081822264,-9.784479908001675,8.560682091637222,0.5028880794570335
sg,mrt,27,28.955604448935997,29.51445546073178,0.6626261279695476,0.3838337011664693,0.8307071812618266,3.1116526742126167,10.643576144850565,0.5588510117957914,-8.066210158205553,9.183912181797137,0.5151277905341363
sg,mrt_full_window,27,30.378909997505616,31.97703100436141,0.7960319143371823,0.6010266223871649,0.9015838315738759,3.497899892270731,11.219139142382597,1.5981210068557972,-8.09756282939061,11.293804843102203,0.10519431362606387
sg,tau,27,15.697710607397148,17.767266023939797,0.5608291707316868,0.23654305671297124,0.7726922398652668,3.7469574048956784,22.3933065674816,2.069555416542645,-8.316480623547376,12.455591456632666,0.052771247316646085
sg,td,27,13.257893841538843,11.747189436791992,0.27475061012133734,-0.1104849050630539,0.5882121983272648,2.167691837380784,17.338009341958756,-1.510704404746852,-7.519239627866794,4.497830818373089,0.016602053646866344
sg,fast_end_95,27,60.35102566373028,65.04898750861136,0.6079000249265611,0.3028467041098488,0.7999655599850102,10.192522261723266,16.2560146588108,4.697961844881082,-23.55426846106364,32.9501921508258,0.102302545194379
sg,slow_component,27,0.11782581762359046,0.18619653543025155,0.5497885854374787,0.22141669247249116,0.7661799254447973,0.173708575745835,114.27355521787665,0.06837071780666107,-0.4131248886850759,0.549866324298398,0.16008100353781246
sg,t50,27,25.28250141293594,25.945795302393588,0.7592273796145543,0.5380845186100078,0.8825801794681157,2.539783804937539,9.915550458571214,0.6632938894576476,-6.376627647321247,7.703215426236542,0.34611136882033466
sg,t90,27,63.26336062463682,77.68958739597696,0.5473720508372101,0.21812681774797213,0.7647485736003735,24.182181895895994,34.312417349879695,14.426226771340154,-52.603361654360356,81.45581519704066,0.03753620113344699
sg,td2_supported,9,83.90678967148943,106.3674863751769,0.2234765296205362,-0.4755787721394252,0.7495292781124678,39.572113906623954,41.59481221404681,22.46069670368747,-87.22760684621284,132.1490002535878,0.262987630512322
bw,breakpoint,27,46.0614186511499,45.781528216883764,0.7646318010870935,0.5471750649623058,0.8853961755358195,3.3891667532531127,7.3803528062375925,-0.27989043426614274,-9.674181385951444,9.114400517419158,0.7639751609926829
bw,mrt,27,28.79124509375866,29.403658703752154,0.6606798284172505,0.3808779656690801,0.82963117595173,3.1647684200342674,10.876445233232381,0.6124136099934931,-8.159876895916273,9.384704115903258,0.4834142130497941
bw,mrt_full_window,27,30.3153411943439,32.24076629077226,0.7969776258593656,0.6026764689968329,0.9020668303338227,3.5432088744613663,11.328098939993652,1.925425096428357,-7.895848830956231,11.746699023812946,0.05643563381237085
bw,tau,27,15.155320484827676,16.89407720407982,0.547739255826052,0.21862624961939764,0.764966213275487,3.734251680607009,23.303100525345958,1.7387567192521434,-8.61206084992461,12.089574288428896,0.09902368737019088
bw,td,27,13.635924608930985,12.509581499672338,0.28716957100491847,-0.09714686889616708,0.5969606220082108,2.0026143926399174,15.318995045048649,-1.1263431092586502,-6.677307000437513,4.424620781920212,0.04887363118761947
bw,fast_end_95,27,59.10188606341402,63.191813111911785,0.5970458584250268,0.2872910841633469,0.7937461664419958,10.280766621746602,16.81324007871841,4.0899270484977786,-24.406904144112904,32.58675824110846,0.15580677756170136
bw,slow_component,27,0.12667788580757966,0.21410037015908157,0.6278923076981039,0.3319304083231744,0.8113140592274631,0.16400035776665547,96.25048247368211,0.08742248435150192,-0.3671633148162802,0.542008283519284,0.06096849991049709
bw,t50,27,25.248136429518308,26.145549164340835,0.7647401143232806,0.5473577799051617,0.8854525221340352,2.5039268558243957,9.744103100959867,0.8974127348225278,-6.043118409823753,7.837943879468808,0.19937729525003572
bw,t90,27,64.68800174044527,79.32372209161132,0.6294559595637729,0.3342291009659763,0.8121958660798446,22.691770094691098,31.51378164343586,14.635720351166045,-48.26265733227611,77.5340980346082,0.025501833478175275
bw,td2_supported,9,82.51496022009357,105.71019758376552,0.2337057935444126,-0.46718382448262075,0.7542208614131883,40.16353586973251,42.676054931599644,23.19523736367195,-88.1324042304027,134.5228789577466,0.25537982098254886
