method,window,dataset,analysis,n,mrt_median,r,r_ci_low,r_ci_high,ratio_median,ratio_cv_pct,icc_3_1,icc_ci_low,icc_ci_high,typical_error,typical_error_cv_pct,bias,loa_low,loa_high
cleaned,iterative,treadmill,validity,37,31.54885790400401,0.876579002665147,0.7717623028937598,0.9350245989816596,1.5844774378492443,7.773555512092007,,,,,,,,
cleaned,iterative,bike_tt1,validity,27,27.66054759120543,0.906686033908771,0.8035315650779444,0.9569720639720425,1.6185837004170525,6.755621225489614,,,,,,,,
cleaned,iterative,bike_tt2,validity,27,28.16937199645176,0.8004486335430713,0.6042305057770581,0.9051366353915787,1.5997939823258756,10.150153922118603,,,,,,,,
cleaned,iterative,bike_tt1_vs_tt2,reliability_mrt,27,,,,,,,0.6353834909001385,0.3429750545979181,0.8155310765952539,3.2551067729457692,11.306609776156458,0.8117034270860133,-8.210992217647942,9.83439907181997
cleaned,90,treadmill,validity,37,31.159895196169675,0.8843078476426239,0.7853040046283354,0.9392120327788042,1.5813364023190883,6.191594709143614,,,,,,,,
cleaned,90,bike_tt1,validity,27,28.138603908639105,0.9479032878390323,0.8876273161630872,0.9762543431445427,1.6118472406307178,5.525157972983558,,,,,,,,
cleaned,90,bike_tt2,validity,27,28.01299596704918,0.8765145106095795,0.7444765765013575,0.9425699632017215,1.557698870580526,7.711407620953127,,,,,,,,
cleaned,90,bike_tt1_vs_tt2,reliability_mrt,27,,,,,,,0.7406797751053618,0.507272779043983,0.8728480963285579,2.5932949463531836,8.95249323437144,0.2603537476043093,-6.927893105753601,7.448600600962219
cleaned,120,treadmill,validity,37,32.28589783212893,0.8404989227885968,0.7097796181431345,0.9152585778246566,1.5374494436613675,6.351686155288376,,,,,,,,
cleaned,120,bike_tt1,validity,27,28.275522963754987,0.9358234358749474,0.8625572239654674,0.9706492984015217,1.5981148274963974,6.150572779410451,,,,,,,,
cleaned,120,bike_tt2,validity,27,28.54913716911307,0.8632522352326503,0.7191558346119754,0.9361606580532141,1.5736958137404922,8.986735163727573,,,,,,,,
cleaned,120,bike_tt1_vs_tt2,reliability_mrt,27,,,,,,,0.7694323979134541,0.555293196436393,0.8878901344959763,2.6023732556014,8.865133242067543,0.42199285376986034,-6.791417788990048,7.6354034965297695
cleaned,150,treadmill,validity,37,32.7710525443418,0.798008706068777,0.6392912330450761,0.8915099828143266,1.496278212406868,7.269344249323833,,,,,,,,
cleaned,150,bike_tt1,validity,27,28.831983692793887,0.9219271918644567,0.8341556670187702,0.9641543137342482,1.5792873415337774,6.977779757316198,,,,,,,,
cleaned,150,bike_tt2,validity,27,29.237738991591975,0.8194708830983465,0.6381985795349425,0.9146525504695185,1.5639482212865206,11.151865846926462,,,,,,,,
cleaned,150,bike_tt1_vs_tt2,reliability_mrt,27,,,,,,,0.7938047609617038,0.5971477833789853,0.9004453275570731,2.7779822682775905,9.299480333974161,0.9075950858241655,-6.792578905842914,8.607769077491245
cleaned,240,treadmill,validity,37,35.43742619259571,0.5556772864007221,0.28252734007283736,0.7454737366233312,1.4164249641444793,10.798743504597995,,,,,,,,
cleaned,240,bike_tt1,validity,27,28.14035050497385,0.8415337070049866,0.6785005161116815,0.9255589533293312,1.5426584100466918,10.7387393473765,,,,,,,,
cleaned,240,bike_tt2,validity,27,29.661821150546082,0.7500059178423619,0.5174804699666536,0.8793841984957101,1.5305611136022166,16.372262902475818,,,,,,,,
cleaned,240,bike_tt1_vs_tt2,reliability_mrt,27,,,,,,,0.7957806439508791,0.6005885464248429,0.9014554571786638,3.562686854549746,11.411746440641446,1.9315943219085352,-7.943669811748948,11.806858455566019
sg,iterative,treadmill,validity,37,31.345259571989764,0.872964238852705,0.7654613391975837,0.9330605341834145,1.586992543759091,7.594837157698343,,,,,,,,
sg,iterative,bike_tt1,validity,27,27.679346477069288,0.9002571932017643,0.790775767294883,0.9539239457942988,1.6434747683815436,7.265452594969554,,,,,,,,
sg,iterative,bike_tt2,validity,27,28.65148096932115,0.8543586746816578,0.7023876687816548,0.9318353186339996,1.5828739744956422,8.487954378640982,,,,,,,,
sg,iterative,bike_tt1_vs_tt2,reliability_mrt,27,,,,,,,0.6626261279695476,0.3838337011664693,0.8307071812618266,3.1116526742126167,10.643576144850565,0.5588510117957914,-8.066210158205553,9.183912181797137
sg,90,treadmill,validity,37,31.224966066730538,0.8808631564565305,0.7792568401451815,0.9373477388104191,1.5797785217185807,6.5058920369626225,,,,,,,,
sg,90,bike_tt1,validity,27,28.599105882508503,0.9618577245792199,0.9170394332675752,0.9826822829341674,1.606677544563994,4.896091265208344,,,,,,,,
sg,90,bike_tt2,validity,27,28.619968173796245,0.951307078977063,0.894756521628888,0.9778268749166031,1.586574898825081,4.979640133870449,,,,,,,,
sg,90,bike_tt1_vs_tt2,reliability_mrt,27,,,,,,,0.7383700821109686,0.5034771913648266,0.8716287748932,2.60405391106061,8.933275659204575,-0.07626892732675433,-7.294338109345082,7.141800254691573
sg,120,treadmill,validity,37,31.49744925246464,0.8151160324821363,0.6673539422821,0.901133804332423,1.55913404263478,6.828262272658454,,,,,,,,
sg,120,bike_tt1,validity,27,28.40557354741373,0.9443278546984508,0.8801695867084737,0.974599289741156,1.6001217442817504,5.641292746027697,,,,,,,,
sg,120,bike_tt2,validity,27,28.922471797581714,0.9113712814114621,0.8128878742144118,0.9591865203585385,1.5922599313467498,6.918303065527033,,,,,,,,
sg,120,bike_tt1_vs_tt2,reliability_mrt,27,,,,,,,0.7681565361837386,0.5531316396082806,0.8872279899325517,2.573087809994378,8.74975331235291,0.16893645728996895,-6.963299071729064,7.301171986309002
sg,150,treadmill,validity,37,32.167555619064906,0.7821864644930143,0.6137075104655322,0.8825333250119282,1.5127157230492985,7.648567943958298,,,,,,,,
sg,150,bike_tt1,validity,27,28.61677157598806,0.9286825258484966,0.8479045192023039,0.9673180316304482,1.5879010082025715,6.638721503747093,,,,,,,,
sg,150,bike_tt2,validity,27,29.56536776431278,0.860872460049631,0.714652433897044,0.9350054248172608,1.5793357893165825,9.166759812427982,,,,,,,,
sg,150,bike_tt1_vs_tt2,reliability_mrt,27,,,,,,,0.7950926441063365,0.5993896563413287,0.901103861933276,2.711830503960982,9.075462460023223,0.5920134555847825,-6.924797200430243,8.108824111599807
sg,240,treadmill,validity,37,34.965075348680756,0.5471689587296369,0.27123873131485093,0.7399923820347359,1.4123656735166095,11.147603758414773,,,,,,,,
sg,240,bike_tt1,validity,27,28.686666447936872,0.8478348579428855,0.6901938032420295,0.9286484331891929,1.5567988496509013,10.584357931432695,,,,,,,,
sg,240,bike_tt2,validity,27,29.8927413231266,0.780144834609814,0.5687441266394356,0.8948625423492551,1.5359907573546199,14.631732176310342,,,,,,,,
sg,240,bike_tt1_vs_tt2,reliability_mrt,27,,,,,,,0.796031914337182,0.6010266223871646,0.9015838315738758,3.497899892270731,11.219139142382598,1.598121006855796,-8.09756282939061,11.293804843102203
bw,iterative,treadmill,validity,37,31.72723030753487,0.8767900201865865,0.7721307684726423,0.9351391436679423,1.5810500186495349,7.5199873943084885,,,,,,,,
bw,iterative,bike_tt1,validity,27,27.193160730518763,0.8952070689789767,0.7808217989524042,0.9515217274473046,1.6186486516322618,7.380166369322959,,,,,,,,
bw,iterative,bike_tt2,validity,27,28.41032396610136,0.8320926673520603,0.661133694068552,0.9209089342597757,1.597986352605639,8.840798435590909,,,,,,,,
bw,iterative,bike_tt1_vs_tt2,reliability_mrt,27,,,,,,,0.6606798284172505,0.3808779656690801,0.82963117595173,3.1647684200342674,10.876445233232381,0.6124136099934931,-8.159876895916273,9.384704115903258
bw,90,treadmill,validity,37,31.612388258523104,0.8797017160475262,0.7772221846515789,0.9367184280767297,1.572897841729876,6.352774224609755,,,,,,,,
bw,90,bike_tt1,validity,27,28.211263487144556,0.9535486685345769,0.8994673040658903,0.9788608455255168,1.5995405410765766,5.18291093703733,,,,,,,,
bw,90,bike_tt2,validity,27,28.313928973480643,0.9439949874048026,0.8794768916733153,0.974445038404205,1.5794582003561504,5.298788172939304,,,,,,,,
bw,90,bike_tt1_vs_tt2,reliability_mrt,27,,,,,,,0.7422816914097302,0.5099105850005556,0.8736928037593973,2.6120538312631947,8.965057257575138,0.19031125448684796,-7.049932575002339,7.430555083976035
bw,120,treadmill,validity,37,32.05756688414782,0.8107088409110144,0.6600840743966458,0.8986625942239863,1.5506431846928672,6.703455049632854,,,,,,,,
bw,120,bike_tt1,validity,27,28.619953133548393,0.9356611195708161,0.8622227903590026,0.9705737252503445,1.601883604291477,5.962969851783762,,,,,,,,
bw,120,bike_tt2,validity,27,28.772005271378177,0.8993011626856081,0.7888869445054523,0.95346971319597,1.5824642888498637,7.3402967131834504,,,,,,,,
bw,120,bike_tt1_vs_tt2,reliability_mrt,27,,,,,,,0.7693929475506593,0.5552263165083983,0.8878696679635938,2.6113993526958668,8.866037147424848,0.4287375937561022,-6.809692113699338,7.667167301211542
bw,150,treadmill,validity,37,32.58056838382563,0.7757819547204765,0.6034513820354165,0.8788788512881669,1.501609821676683,7.555206129514088,,,,,,,,
bw,150,bike_tt1,validity,27,28.90274395161488,0.9203632646613129,0.8309881459486712,0.9634201659531937,1.5910233961679068,6.864400573998305,,,,,,,,
bw,150,bike_tt2,validity,27,29.306409394622026,0.848460794676566,0.6913598907623275,0.9289547216021528,1.57614627421246,9.585020423592951,,,,,,,,
bw,150,bike_tt1_vs_tt2,reliability_mrt,27,,,,,,,0.7945945304751639,0.5985222045077838,0.9008492190524798,2.7647970517648366,9.231393408101464,0.8703842154269074,-6.793242220690455,8.53401065154427
bw,240,treadmill,validity,37,35.53911672981207,0.5270034640272898,0.24478348737986197,0.7268979874276166,1.4054783240040025,11.193881781495827,,,,,,,,
bw,240,bike_tt1,validity,27,28.361825193583208,0.8335848875118663,0.6638665018538923,0.9216455872230731,1.552257808859944,10.96120615250082,,,,,,,,
bw,240,bike_tt2,validity,27,29.638754443712088,0.768272030963631,0.5483515487451547,0.8887978261953464,1.5364465227899922,15.088085549340734,,,,,,,,
bw,240,bike_tt1_vs_tt2,reliability_mrt,27,,,,,,,0.7969776258593656,0.6026764689968328,0.9020668303338227,3.543208874461366,11.32809893999365,1.925425096428357,-7.895848830956229,11.746699023812944
