A0,A1,TD,tau,mrt,breakpoint,bp_over_mrt,bp_minus_td,bp_minus_td_over_tau
1.0,3.0,0.0,8.0,8.0,13.131887168139407,1.641485896017426,13.131887168139407,1.641485896017426
1.0,3.0,0.0,10.0,10.0,17.637049633232685,1.7637049633232684,17.637049633232685,1.7637049633232684
1.0,3.0,0.0,12.0,12.0,22.11194812881019,1.8426623440675158,22.11194812881019,1.8426623440675158
1.0,3.0,0.0,14.0,14.0,26.55458124398843,1.8967558031420306,26.55458124398843,1.8967558031420306
1.0,3.0,0.0,16.0,16.0,27.925435458297457,1.745339716143591,27.925435458297457,1.745339716143591
1.0,3.0,0.0,18.0,18.0,32.27154324381582,1.7928635135453233,32.27154324381582,1.7928635135453233
1.0,3.0,0.0,20.0,20.0,36.582238882064836,1.8291119441032417,36.582238882064836,1.8291119441032417
1.0,3.0,0.0,22.0,22.0,37.76594713866475,1.7166339608483978,37.76594713866475,1.7166339608483978
1.0,3.0,0.0,24.0,24.0,41.984473461803354,1.749353060908473,41.984473461803354,1.749353060908473
1.0,3.0,0.0,26.0,26.0,43.04658369722346,1.6556378345085947,43.04658369722346,1.6556378345085947
1.0,3.0,0.0,28.0,28.0,47.17998443204691,1.6849994440016753,47.17998443204691,1.6849994440016753
1.0,3.0,0.0,30.0,30.0,48.13052793700449,1.604350931233483,48.13052793700449,1.604350931233483
1.0,3.0,0.0,32.0,32.0,52.18335729454155,1.6307299154544235,52.18335729454155,1.6307299154544235
1.0,3.0,0.0,34.0,34.0,53.03560976431106,1.5598708754209136,53.03560976431106,1.5598708754209136
1.0,3.0,0.0,36.0,36.0,57.01419378545828,1.583727605151619,57.01419378545828,1.583727605151619
1.0,3.0,0.0,38.0,38.0,57.77624000508185,1.5204273685547856,57.77624000508185,1.5204273685547856
1.0,3.0,0.0,40.0,40.0,61.69116281139861,1.5422790702849654,61.69116281139861,1.5422790702849654
1.0,3.0,0.0,42.0,42.0,62.37312603766314,1.48507442946817,62.37312603766314,1.48507442946817
1.0,3.0,0.0,44.0,44.0,63.01526272362282,1.4321650619005186,63.01526272362282,1.4321650619005186
1.0,3.0,0.0,46.0,46.0,66.84401759961914,1.4531308173830246,66.84401759961914,1.4531308173830246
1.0,3.0,0.0,48.0,48.0,67.42151417961315,1.4046148787419408,67.42151417961315,1.4046148787419408
1.0,3.0,0.0,50.0,50.0,67.96706623179728,1.3593413246359456,67.96706623179728,1.3593413246359456
1.0,3.0,5.0,8.0,13.0,22.0455024413417,1.6958078801032077,17.0455024413417,2.1306878051677125
1.0,3.0,5.0,10.0,15.0,26.141319431123737,1.7427546287415825,21.141319431123737,2.1141319431123735
1.0,3.0,5.0,12.0,17.0,27.86743820027098,1.6392610706041753,22.86743820027098,1.9056198500225816
1.0,3.0,5.0,14.0,19.0,31.933007797222956,1.6806846209064714,26.933007797222956,1.9237862712302112
1.0,3.0,5.0,16.0,21.0,33.46093265510932,1.593377745481396,28.460932655109318,1.7788082909443323
1.0,3.0,5.0,18.0,23.0,37.492295189114515,1.630099790831066,32.492295189114515,1.805127510506362
1.0,3.0,5.0,20.0,25.0,41.568788260903105,1.6627515304361242,36.568788260903105,1.8284394130451553
1.0,3.0,5.0,22.0,27.0,42.83568011761292,1.5865066710227007,37.83568011761292,1.719803641709678
1.0,3.0,5.0,24.0,29.0,46.85196009875226,1.615584830991457,41.85196009875226,1.7438316707813442
1.0,3.0,5.0,26.0,31.0,47.97703328733114,1.547646235075198,42.97703328733114,1.6529628187435053
1.0,3.0,5.0,28.0,33.0,51.93546367004031,1.573801929395161,46.93546367004031,1.676266559644297
1.0,3.0,5.0,30.0,35.0,52.93368463947673,1.512390989699335,47.93368463947673,1.5977894879825576
1.0,3.0,5.0,32.0,37.0,56.83784827617649,1.5361580615182835,51.83784827617649,1.6199327586305152
1.0,3.0,5.0,34.0,39.0,57.72342636541961,1.48008785552358,52.72342636541961,1.5506890107476357
1.0,3.0,5.0,36.0,41.0,61.5756870968637,1.5018460267527733,56.5756870968637,1.5715468638017696
1.0,3.0,5.0,38.0,43.0,62.36596210760855,1.45037121180485,57.36596210760855,1.5096305817791724
1.0,3.0,5.0,40.0,45.0,63.11031433893043,1.4024514297540096,58.11031433893043,1.4527578584732608
1.0,3.0,5.0,42.0,47.0,66.87446351467516,1.4228609258441522,61.874463514675156,1.4732015122541704
1.0,3.0,5.0,44.0,49.0,67.53996656291822,1.3783666645493515,62.539966562918224,1.4213628764299597
1.0,3.0,5.0,46.0,51.0,68.16867152208718,1.336640618080141,63.16867152208718,1.373231989610591
1.0,3.0,5.0,48.0,53.0,71.86273821300264,1.3559007210000498,66.86273821300264,1.3929737127708883
1.0,3.0,5.0,50.0,55.0,72.43087508896197,1.3169250016174903,67.43087508896197,1.3486175017792394
1.0,3.0,10.0,8.0,18.0,29.062090885463206,1.614560604747956,19.062090885463206,2.382761360682901
1.0,3.0,10.0,10.0,20.0,32.59037121194239,1.6295185605971194,22.59037121194239,2.259037121194239
1.0,3.0,10.0,12.0,22.0,36.414132030700166,1.6551878195772802,26.414132030700166,2.201177669225014
1.0,3.0,10.0,14.0,24.0,38.245852857847574,1.5935772024103156,28.245852857847574,2.0175609184176837
1.0,3.0,10.0,16.0,26.0,42.04286150946873,1.6170331349795666,32.04286150946873,2.0026788443417955
1.0,3.0,10.0,18.0,28.0,43.63726082885226,1.5584736010304379,33.63726082885226,1.8687367127140146
1.0,3.0,10.0,20.0,30.0,47.413755284591126,1.5804585094863708,37.413755284591126,1.8706877642295563
1.0,3.0,10.0,22.0,32.0,51.27013634958396,1.6021917609244987,41.27013634958396,1.8759152886174526
1.0,3.0,10.0,24.0,34.0,52.55893988464095,1.545851173077675,42.55893988464095,1.7732891618600395
1.0,3.0,10.0,26.0,36.0,56.37067707494221,1.565852140970617,46.37067707494221,1.7834875798054695
1.0,3.0,10.0,28.0,38.0,57.50590965150558,1.513313411881726,47.50590965150558,1.6966396304109137
1.0,3.0,10.0,30.0,40.0,58.57744048833792,1.464436012208448,48.57744048833792,1.6192480162779306
1.0,3.0,10.0,32.0,42.0,62.2763182440434,1.4827694820010333,52.2763182440434,1.6336349451263563
1.0,3.0,10.0,34.0,44.0,63.221062017742426,1.4368423185850552,53.221062017742426,1.5653253534630125
1.0,3.0,10.0,36.0,46.0,66.89131583935787,1.4541590399860407,56.89131583935787,1.580314328871052
1.0,3.0,10.0,38.0,48.0,67.72749374534452,1.4109894530280107,57.72749374534452,1.5191445722459083
1.0,3.0,10.0,40.0,50.0,68.51708125910517,1.3703416251821035,58.51708125910517,1.4629270314776293
1.0,3.0,10.0,42.0,52.0,72.11300050094397,1.3867884711719993,62.11300050094397,1.4788809643081897
1.0,3.0,10.0,44.0,54.0,72.81666427844685,1.348456745897164,62.81666427844685,1.427651460873792
1.0,3.0,10.0,46.0,56.0,73.48399902470429,1.312214268298291,63.48399902470429,1.3800869353196585
1.0,3.0,10.0,48.0,58.0,77.01983694305072,1.327928223156047,67.01983694305072,1.3962466029802234
1.0,3.0,10.0,50.0,60.0,77.61552523666872,1.293592087277812,67.61552523666872,1.3523105047333743
1.0,3.0,15.0,8.0,23.0,37.24198351675569,1.6192166746415517,22.24198351675569,2.780247939594461
1.0,3.0,15.0,10.0,25.0,40.937236400447134,1.6374894560178854,25.937236400447134,2.5937236400447135
1.0,3.0,15.0,12.0,27.0,43.115005409122034,1.596852052189705,28.115005409122034,2.342917117426836
1.0,3.0,15.0,14.0,29.0,46.743183642538504,1.6118339187082242,31.743183642538504,2.267370260181322
1.0,3.0,15.0,16.0,31.0,48.627258145017606,1.568621230484439,33.627258145017606,2.1017036340636004
1.0,3.0,15.0,18.0,33.0,52.22345743849726,1.5825290132877958,37.22345743849726,2.067969857694292
1.0,3.0,15.0,20.0,35.0,53.85289738524259,1.5386542110069312,38.85289738524259,1.9426448692621296
1.0,3.0,15.0,22.0,37.0,57.429833031882616,1.552157649510341,42.429833031882616,1.9286287741764825
1.0,3.0,15.0,24.0,39.0,61.1032121094146,1.5667490284465282,46.1032121094146,1.9209671712256082
1.0,3.0,15.0,26.0,41.0,62.404054240343676,1.5220501034230165,47.404054240343676,1.8232328553978336
1.0,3.0,15.0,28.0,43.0,63.635628451230325,1.4798983360751239,48.635628451230325,1.736986730401083
1.0,3.0,15.0,30.0,45.0,67.17929725661018,1.4928732723691152,52.179297256610184,1.7393099085536727
1.0,3.0,15.0,32.0,47.0,68.2570495266035,1.452277649502202,53.257049526603495,1.6642827977063592
1.0,3.0,15.0,34.0,49.0,71.7838363016698,1.4649762510544857,56.783836301669794,1.6701128324020527
1.0,3.0,15.0,36.0,51.0,72.73170371289268,1.4261118375076995,57.73170371289268,1.6036584364692412
1.0,3.0,15.0,38.0,53.0,73.63266623358356,1.3892955893128973,58.632666233583564,1.542964900883778
1.0,3.0,15.0,40.0,55.0,77.0782026537399,1.4014218664316345,62.07820265373989,1.5519550663434973
1.0,3.0,15.0,42.0,57.0,77.87431541541788,1.366216059919612,62.87431541541788,1.497007509890902
1.0,3.0,15.0,44.0,59.0,78.62374008638383,1.3326057641759972,63.62374008638383,1.4459940928723598
1.0,3.0,15.0,46.0,61.0,82.0194852879057,1.344581726031241,67.0194852879057,1.456945332345776
1.0,3.0,15.0,48.0,63.0,82.68806490784098,1.3125089667911267,67.68806490784098,1.4101680189133539
1.0,3.0,15.0,50.0,65.0,83.32392416790854,1.2819065256601314,68.32392416790854,1.366478483358171
1.0,3.0,20.0,8.0,28.0,44.59321260992393,1.5926147360687117,24.59321260992393,3.0741515762404914
1.0,3.0,20.0,10.0,30.0,47.85066461883817,1.5950221539612721,27.850664618838167,2.7850664618838166
1.0,3.0,20.0,12.0,32.0,51.39598296723758,1.6061244677261743,31.39598296723758,2.616331913936465
1.0,3.0,20.0,14.0,34.0,53.59889804384434,1.5764381777601277,33.59889804384434,2.3999212888460244
1.0,3.0,20.0,16.0,36.0,57.07053699416091,1.5852926942822476,37.07053699416091,2.316908562135057
1.0,3.0,20.0,18.0,38.0,58.970324162933224,1.5518506358666637,38.970324162933224,2.165018009051846
1.0,3.0,20.0,20.0,40.0,62.404813261394864,1.5601203315348715,42.404813261394864,2.120240663069743
1.0,3.0,20.0,22.0,42.0,65.9644178548383,1.5705813774961501,45.9644178548383,2.0892917206744683
1.0,3.0,20.0,24.0,44.0,67.45671394040015,1.5331071350090943,47.45671394040015,1.9773630808500062
1.0,3.0,20.0,26.0,46.0,68.875190538247,1.4972867508314565,48.875190538247,1.8798150207018076
1.0,3.0,20.0,28.0,48.0,72.27378263978491,1.505703804995519,52.27378263978491,1.8669208085637468
1.0,3.0,20.0,30.0,50.0,73.50704597908995,1.470140919581799,53.50704597908995,1.7835681993029984
1.0,3.0,20.0,32.0,52.0,76.894248850097,1.4787355548095578,56.894248850097,1.7779452765655313
1.0,3.0,20.0,34.0,54.0,77.96603787856701,1.4438155162697595,57.96603787856701,1.7048834670166766
1.0,3.0,20.0,36.0,56.0,81.34795171605191,1.4526419949294984,61.34795171605191,1.704109769890331
1.0,3.0,20.0,38.0,58.0,82.29071261153638,1.4188053898540756,62.29071261153638,1.6392292792509573
1.0,3.0,20.0,40.0,60.0,83.19196852023221,1.3865328086705369,63.19196852023221,1.5797992130058052
1.0,3.0,20.0,42.0,62.0,86.5013120989854,1.395182453209442,66.5013120989854,1.5833645737853665
1.0,3.0,20.0,44.0,64.0,87.29752317389591,1.3640237995921236,67.29752317389591,1.529489163043089
1.0,3.0,20.0,46.0,66.0,88.05179579469491,1.334118118101438,68.05179579469491,1.4793868651020632
1.0,3.0,20.0,48.0,68.0,91.3122470146768,1.3428271619805412,71.3122470146768,1.4856718128057667
1.0,3.0,20.0,50.0,70.0,91.98610959268987,1.3140872798955696,71.98610959268987,1.4397221918537975
0.5,2.0,0.0,8.0,8.0,13.131918391588222,1.6414897989485278,13.131918391588222,1.6414897989485278
0.5,2.0,0.0,10.0,10.0,17.635945158318478,1.7635945158318478,17.635945158318478,1.7635945158318478
0.5,2.0,0.0,12.0,12.0,22.11193384856772,1.84266115404731,22.11193384856772,1.84266115404731
0.5,2.0,0.0,14.0,14.0,26.555016987282503,1.896786927663036,26.555016987282503,1.896786927663036
0.5,2.0,0.0,16.0,16.0,27.927780148540194,1.745486259283762,27.927780148540194,1.745486259283762
0.5,2.0,0.0,18.0,18.0,32.27158812782615,1.7928660071014528,32.27158812782615,1.7928660071014528
0.5,2.0,0.0,20.0,20.0,36.58351201150052,1.829175600575026,36.58351201150052,1.829175600575026
0.5,2.0,0.0,22.0,22.0,37.76609903349409,1.7166408651588225,37.76609903349409,1.7166408651588225
0.5,2.0,0.0,24.0,24.0,41.98459578348737,1.7493581576453072,41.98459578348737,1.7493581576453072
0.5,2.0,0.0,26.0,26.0,43.04599407786577,1.6556151568409911,43.04599407786577,1.6556151568409911
0.5,2.0,0.0,28.0,28.0,47.17933734905331,1.6849763338947612,47.17933734905331,1.6849763338947612
0.5,2.0,0.0,30.0,30.0,48.14195355749828,1.6047317852499428,48.14195355749828,1.6047317852499428
0.5,2.0,0.0,32.0,32.0,52.18322259628791,1.6307257061339973,52.18322259628791,1.6307257061339973
0.5,2.0,0.0,34.0,34.0,53.03562337564422,1.559871275754242,53.03562337564422,1.559871275754242
0.5,2.0,0.0,36.0,36.0,57.01399122285037,1.5837219784125103,57.01399122285037,1.5837219784125103
0.5,2.0,0.0,38.0,38.0,57.7753658543127,1.5204043645871763,57.7753658543127,1.5204043645871763
0.5,2.0,0.0,40.0,40.0,61.691127767253114,1.542278194181328,61.691127767253114,1.542278194181328
0.5,2.0,0.0,42.0,42.0,62.3729856176045,1.4850710861334404,62.3729856176045,1.4850710861334404
0.5,2.0,0.0,44.0,44.0,63.01541457523124,1.4321685130734372,63.01541457523124,1.4321685130734372
0.5,2.0,0.0,46.0,46.0,66.84386060756302,1.4531274045122395,66.84386060756302,1.4531274045122395
0.5,2.0,0.0,48.0,48.0,67.42140035696869,1.4046125074368476,67.42140035696869,1.4046125074368476
0.5,2.0,0.0,50.0,50.0,67.98447601225561,1.3596895202451122,67.98447601225561,1.3596895202451122
0.5,2.0,5.0,8.0,13.0,22.045595548163913,1.6958150421664548,17.045595548163913,2.130699443520489
0.5,2.0,5.0,10.0,15.0,26.141377941106793,1.7427585294071195,21.141377941106793,2.1141377941106794
0.5,2.0,5.0,12.0,17.0,27.867466722310475,1.6392627483712043,22.867466722310475,1.9056222268592062
0.5,2.0,5.0,14.0,19.0,31.933033561001448,1.680685976894813,26.933033561001448,1.9237881115001034
0.5,2.0,5.0,16.0,21.0,33.46306451761539,1.59347926274359,28.463064517615393,1.778941532350962
0.5,2.0,5.0,18.0,23.0,37.49225867601166,1.6300982033048548,32.49225867601166,1.8051254820006477
0.5,2.0,5.0,20.0,25.0,41.56334579807264,1.6625338319229055,36.56334579807264,1.8281672899036319
0.5,2.0,5.0,22.0,27.0,42.83569501680468,1.5865072228446178,37.83569501680468,1.719804318945667
0.5,2.0,5.0,24.0,29.0,46.85075787496589,1.615543374998824,41.85075787496589,1.7437815781235788
0.5,2.0,5.0,26.0,31.0,47.97629209341153,1.5476223255939203,42.97629209341153,1.6529343112850587
0.5,2.0,5.0,28.0,33.0,51.93543538450671,1.573801072257779,46.93543538450671,1.6762655494466683
0.5,2.0,5.0,30.0,35.0,52.935359962861334,1.5124388560817523,47.935359962861334,1.5978453320953778
0.5,2.0,5.0,32.0,37.0,56.83507621382085,1.536083140914077,51.83507621382085,1.6198461316819015
0.5,2.0,5.0,34.0,39.0,57.724492556281646,1.4801151937508115,52.724492556281646,1.5507203693024014
0.5,2.0,5.0,36.0,41.0,61.573080824953585,1.5017824591452094,56.573080824953585,1.5714744673598218
0.5,2.0,5.0,38.0,43.0,62.37842877155803,1.4506611342222797,57.37842877155803,1.509958651883106
0.5,2.0,5.0,40.0,45.0,63.11030127828365,1.4024511395174144,58.11030127828365,1.4527575319570913
0.5,2.0,5.0,42.0,47.0,66.88851676498217,1.4231599311698335,61.88851676498217,1.4735361134519565
0.5,2.0,5.0,44.0,49.0,67.5399864010524,1.3783670694092327,62.5399864010524,1.4213633272966455
0.5,2.0,5.0,46.0,51.0,68.16867152208718,1.336640618080141,63.16867152208718,1.373231989610591
0.5,2.0,5.0,48.0,53.0,71.86265960236616,1.3558992377804937,66.86265960236616,1.392972075049295
0.5,2.0,5.0,50.0,55.0,72.43089176452227,1.3169253048094958,67.43089176452227,1.3486178352904454
0.5,2.0,10.0,8.0,18.0,29.062233759626757,1.6145685422014866,19.062233759626757,2.3827792199533446
0.5,2.0,10.0,10.0,20.0,32.5903681005343,1.6295184050267149,22.5903681005343,2.2590368100534297
0.5,2.0,10.0,12.0,22.0,36.41410732109477,1.6551866964133986,26.414107321094768,2.2011756100912305
0.5,2.0,10.0,14.0,24.0,38.24575865921465,1.593573277467277,28.24575865921465,2.017554189943904
0.5,2.0,10.0,16.0,26.0,42.04279945757073,1.617030748368105,32.04279945757073,2.0026749660981706
0.5,2.0,10.0,18.0,28.0,43.63729620592416,1.5584748644972914,33.63729620592416,1.8687386781068978
0.5,2.0,10.0,20.0,30.0,47.413742568180574,1.580458085606019,37.413742568180574,1.8706871284090287
0.5,2.0,10.0,22.0,32.0,51.270081369858985,1.6021900428080933,41.270081369858985,1.8759127895390448
0.5,2.0,10.0,24.0,34.0,52.55893988464095,1.545851173077675,42.55893988464095,1.7732891618600395
0.5,2.0,10.0,26.0,36.0,56.37069008718754,1.5658525024218761,46.37069008718754,1.783488080276444
0.5,2.0,10.0,28.0,38.0,57.51169327084865,1.513465612390754,47.51169327084865,1.6968461882445947
0.5,2.0,10.0,30.0,40.0,58.585546723473065,1.4646386680868266,48.585546723473065,1.6195182241157688
0.5,2.0,10.0,32.0,42.0,62.276275280178766,1.4827684590518753,52.276275280178766,1.6336336025055864
0.5,2.0,10.0,34.0,44.0,63.22100620831412,1.4368410501889572,53.22100620831412,1.565323712009239
0.5,2.0,10.0,36.0,46.0,66.89127409558505,1.4541581325127184,56.89127409558505,1.5803131693218069
0.5,2.0,10.0,38.0,48.0,67.72685018215672,1.4109760454615985,57.726850182156724,1.5191276363725454
0.5,2.0,10.0,40.0,50.0,68.51703549746763,1.3703407099493525,58.51703549746763,1.4629258874366908
0.5,2.0,10.0,42.0,52.0,72.09895160615396,1.3865183001183454,62.09895160615396,1.4785464668131896
0.5,2.0,10.0,44.0,54.0,72.81540716604074,1.3484334660377915,62.81540716604074,1.4276228901372896
0.5,2.0,10.0,46.0,56.0,73.48401891436227,1.3122146234707548,63.48401891436227,1.3800873677035275
0.5,2.0,10.0,48.0,58.0,77.03577433733379,1.3282030058160998,67.03577433733379,1.3965786320277873
0.5,2.0,10.0,50.0,60.0,77.63074747075332,1.293845791179222,67.63074747075332,1.3526149494150663
0.5,2.0,15.0,8.0,23.0,37.2420074639357,1.6192177158232912,22.2420074639357,2.7802509329919625
0.5,2.0,15.0,10.0,25.0,40.93803055618193,1.637521222247277,25.93803055618193,2.593803055618193
0.5,2.0,15.0,12.0,27.0,43.115021794590525,1.5968526590589083,28.115021794590525,2.342918482882544
0.5,2.0,15.0,14.0,29.0,46.745513784758295,1.6119142684399412,31.745513784758295,2.267536698911307
0.5,2.0,15.0,16.0,31.0,48.62709159098398,1.5686158577736768,33.62709159098398,2.1016932244364988
0.5,2.0,15.0,18.0,33.0,52.22360430968711,1.5825334639299125,37.22360430968711,2.0679780172048394
0.5,2.0,15.0,20.0,35.0,53.85278193046307,1.5386509122989447,38.85278193046307,1.9426390965231533
0.5,2.0,15.0,22.0,37.0,57.429833031882616,1.552157649510341,42.429833031882616,1.9286287741764825
0.5,2.0,15.0,24.0,39.0,61.10324282884783,1.5667498161243034,46.10324282884783,1.920968451201993
0.5,2.0,15.0,26.0,41.0,62.40418631699941,1.5220533248048635,47.40418631699941,1.823237935269208
0.5,2.0,15.0,28.0,43.0,63.64338027101641,1.48007861095387,48.64338027101641,1.737263581107729
0.5,2.0,15.0,30.0,45.0,67.18139397500629,1.4929198661112508,52.18139397500629,1.7393797991668762
0.5,2.0,15.0,32.0,47.0,68.26390142789027,1.4524234346359632,53.263901427890275,1.664496919621571
0.5,2.0,15.0,34.0,49.0,71.78380173498462,1.464975545611931,56.78380173498462,1.6701118157348418
0.5,2.0,15.0,36.0,51.0,72.7311676627702,1.4261013267209843,57.731167662770204,1.6036435461880612
0.5,2.0,15.0,38.0,53.0,73.63268449953934,1.3892959339535724,58.63268449953934,1.5429653815668247
0.5,2.0,15.0,40.0,55.0,77.07832980571557,1.4014241782857375,62.07832980571557,1.5519582451428893
0.5,2.0,15.0,42.0,57.0,77.8743359767612,1.3662164206449334,62.8743359767612,1.4970079994466954
0.5,2.0,15.0,44.0,59.0,78.62202435670565,1.3325766840119602,63.62202435670565,1.4459550990160375
0.5,2.0,15.0,46.0,61.0,82.02209656048232,1.3446245337783989,67.02209656048232,1.45700209914092
0.5,2.0,15.0,48.0,63.0,82.68813306287741,1.3125100486171017,67.68813306287741,1.4101694388099462
0.5,2.0,15.0,50.0,65.0,83.32387544454387,1.2819057760699057,68.32387544454387,1.3664775088908774
0.5,2.0,20.0,8.0,28.0,44.59299774303388,1.5926070622512098,24.592997743033877,3.0741247178792346
0.5,2.0,20.0,10.0,30.0,47.850891363684944,1.5950297121228314,27.850891363684944,2.7850891363684944
0.5,2.0,20.0,12.0,32.0,51.3960405802149,1.6061262681317157,31.3960405802149,2.6163367150179084
0.5,2.0,20.0,14.0,34.0,53.598811424553645,1.5764356301339308,33.598811424553645,2.3999151017538316
0.5,2.0,20.0,16.0,36.0,57.07053593184527,1.5852926647734797,37.07053593184527,2.3169084957403294
0.5,2.0,20.0,18.0,38.0,58.96943773036732,1.5518273086938768,38.96943773036732,2.164968762798184
0.5,2.0,20.0,20.0,40.0,62.404833580093026,1.5601208395023256,42.404833580093026,2.120241679004651
0.5,2.0,20.0,22.0,42.0,65.96445875381467,1.5705823512813015,45.96445875381467,2.0892935797188485
0.5,2.0,20.0,24.0,44.0,67.45665011818205,1.5331056845041375,47.456650118182054,1.9773604215909188
0.5,2.0,20.0,26.0,46.0,68.87532610801091,1.4972896980002373,48.87532610801091,1.8798202349234965
0.5,2.0,20.0,28.0,48.0,72.27378299341537,1.5057038123628201,52.27378299341537,1.8669208211934059
0.5,2.0,20.0,30.0,50.0,73.50704346813176,1.470140869362635,53.507043468131755,1.7835681156043919
0.5,2.0,20.0,32.0,52.0,76.89453597514223,1.478741076445043,56.89453597514223,1.7779542492231948
0.5,2.0,20.0,34.0,54.0,77.96601483587366,1.443815089553216,57.966014835873665,1.704882789290402
0.5,2.0,20.0,36.0,56.0,81.34944385274031,1.4526686402275055,61.34944385274031,1.7041512181316751
0.5,2.0,20.0,38.0,58.0,82.29069413741365,1.4188050713347182,62.29069413741365,1.639228793089833
0.5,2.0,20.0,40.0,60.0,83.19195383197237,1.3865325638662063,63.19195383197237,1.5797988457993093
0.5,2.0,20.0,42.0,62.0,86.5015469119385,1.3951862405151372,66.5015469119385,1.5833701645699645
0.5,2.0,20.0,44.0,64.0,87.29593037469604,1.3639989121046256,67.29593037469604,1.5294529630612737
0.5,2.0,20.0,46.0,66.0,88.05176000978743,1.33411757590587,68.05176000978743,1.4793860871692919
0.5,2.0,20.0,48.0,68.0,91.3122902064853,1.3428277971541955,71.3122902064853,1.4856727126351104
0.5,2.0,20.0,50.0,70.0,91.98539213693931,1.3140770305277045,71.98539213693931,1.4397078427387862
