tau1,TD,A2,TD2,tau2,mrt,breakpoint,bp_over_mrt,bp_shift
15.0,10.0,0.0,90.0,100.0,25.0,41.218586752551495,1.6487434701020598,0.0
15.0,10.0,0.1,90.0,100.0,25.0,41.06206908075897,1.6424827632303587,-0.1565176717925283
15.0,10.0,0.2,90.0,100.0,25.0,38.84333663655532,1.5537334654622128,-2.375250115996174
15.0,10.0,0.3,90.0,100.0,25.0,38.69418815912916,1.5477675263651665,-2.524398593422333
15.0,10.0,0.0,120.0,100.0,25.0,41.218586752551495,1.6487434701020598,0.0
15.0,10.0,0.1,120.0,100.0,25.0,40.985476743646345,1.6394190697458537,-0.23311000890515032
15.0,10.0,0.2,120.0,100.0,25.0,38.71460891686916,1.5485843566747663,-2.503977835682335
15.0,10.0,0.3,120.0,100.0,25.0,38.50042003380499,1.5400168013521998,-2.7181667187465024
20.0,10.0,0.0,90.0,100.0,30.0,47.413755284591126,1.5804585094863708,0.0
20.0,10.0,0.1,90.0,100.0,30.0,47.25615505809964,1.5752051686033213,-0.15760022649148908
20.0,10.0,0.2,90.0,100.0,30.0,47.09615103345942,1.569871701115314,-0.317604251131705
20.0,10.0,0.3,90.0,100.0,30.0,46.93330337081451,1.564443445693817,-0.4804519137766192
20.0,10.0,0.0,120.0,100.0,30.0,47.413755284591126,1.5804585094863708,0.0
20.0,10.0,0.1,120.0,100.0,30.0,47.14878460263638,1.5716261534212128,-0.26497068195474327
20.0,10.0,0.2,120.0,100.0,30.0,46.87998022584738,1.5626660075282461,-0.5337750587437426
20.0,10.0,0.3,120.0,100.0,30.0,46.607148837897505,1.5535716279299168,-0.8066064466936211
30.0,10.0,0.0,90.0,100.0,40.0,58.57744048833792,1.464436012208448,0.0
30.0,10.0,0.1,90.0,100.0,40.0,58.444960786181625,1.4611240196545405,-0.1324797021562958
30.0,10.0,0.2,90.0,100.0,40.0,58.30955921078359,1.4577389802695897,-0.26788127755433067
30.0,10.0,0.3,90.0,100.0,40.0,58.17116036546543,1.4542790091366358,-0.40628012287248794
30.0,10.0,0.0,120.0,100.0,40.0,58.57744048833792,1.464436012208448,0.0
30.0,10.0,0.1,120.0,100.0,40.0,58.25194717142216,1.456298679285554,-0.325493316915761
30.0,10.0,0.2,120.0,100.0,40.0,57.92158008529617,1.4480395021324042,-0.6558604030417499
30.0,10.0,0.3,120.0,100.0,40.0,57.58099506950432,1.4395248767376079,-0.996445418833602
