dataset,quantity,variant,n,median_cleaned,median_variant,median_abs_diff,max_abs_diff,bias,loa_low,loa_high,wilcoxon_p,friedman_p
treadmill,breakpoint,sg,37,47.96691897106744,48.04290253640536,0.21025673026954195,1.7309293476195364,0.11318849624006468,-0.689537050119975,0.9159140426001043,0.04554651933722198,0.11822861245754661
treadmill,breakpoint,bw,37,47.96691897106744,48.80600647915688,0.32993037732592256,3.211514181056195,0.1916943948074701,-1.0792588338953848,1.462647623510325,0.06084334148908965,0.11822861245754661
treadmill,mrt,sg,37,31.54885790400401,31.345259571989764,0.6426384063913417,3.733764527813456,0.2848690951349136,-2.1087763250699645,2.678514515339792,0.3088198599871248,0.0854811445055116
treadmill,mrt,bw,37,31.54885790400401,31.72723030753487,0.23286489367941954,2.9550097992786384,0.39537147649573495,-1.2403598256329047,2.0311027786243745,0.006211990053998306,0.0854811445055116
treadmill,tau,sg,37,19.546646527037776,22.003962102192588,1.641032752283861,10.21964638917746,2.205417625486516,-3.0797371327214242,7.490572383694456,4.1184102883562446e-06,8.823666624617484e-08
treadmill,tau,bw,37,19.546646527037776,21.035051978333037,1.410042345155336,8.770907044028107,1.496296036705497,-2.7293455544859877,5.721937627896981,2.87138536805287e-05,8.823666624617484e-08
treadmill,t50,sg,37,27.670454545454547,27.40351083093029,0.725997164031682,4.722535622301994,-0.01076135216293001,-2.9634441687629076,2.9419214644370477,0.8463444494118448,0.005005102948491521
treadmill,t50,bw,37,27.670454545454547,27.98448200376983,0.6259127261003741,3.505253590258672,0.33061192525270344,-1.9727646235513698,2.633988474056777,0.01971972340834327,0.005005102948491521
treadmill,piecewise_rmse_pct,sg,37,3.508934295698908,3.511701343061628,0.0015929427248746464,0.01593052118802163,0.002393802527208753,-0.003407528277430697,0.008195133331848204,1.4551915228366852e-11,4.5107415891760125e-14
treadmill,piecewise_rmse_pct,bw,37,3.508934295698908,3.512856101200406,0.005317324946764401,0.07306058810823135,0.010735685592117478,-0.018548872787783777,0.04002024397201873,1.4551915228366852e-11,4.5107415891760125e-14
treadmill,monoexponential_rmse_pct,sg,37,2.9540576628867163,3.0089345511805625,0.01778189595518409,0.3920484605825254,0.051710099503062004,-0.10156508342426805,0.20498528243039205,1.4551915228366852e-11,6.4436858879182035e-15
treadmill,monoexponential_rmse_pct,bw,37,2.9540576628867163,2.959668869362712,0.007833247873447746,0.15793098808114703,0.02082799386938532,-0.0441493610548539,0.08580534879362453,1.4551915228366852e-11,6.4436858879182035e-15
bike_tt1,breakpoint,sg,27,43.80617173524339,46.00876616349649,0.19698783617268134,2.7476515801903787,0.3337727168112381,-0.9593251223904127,1.6268705560128889,0.00016239285469055176,0.009061653195137855
bike_tt1,breakpoint,bw,27,43.80617173524339,44.01617295007357,0.2394133589177585,3.4606548296822695,0.1540338560897704,-1.6335571332006233,1.9416248453801643,0.8039880394935608,0.009061653195137855
bike_tt1,mrt,sg,27,27.66054759120543,27.679346477069288,0.6931237435520998,2.965338408522598,0.5720414980569062,-1.1978932550499763,2.3419762511637887,0.002468690276145935,0.007256004645607438
bike_tt1,mrt,bw,27,27.66054759120543,27.193160730518763,0.24344161633511163,2.475829552939061,0.40768214287957355,-1.0095509143591013,1.8249152001182485,0.0012526363134384155,0.007256004645607438
bike_tt1,tau,sg,27,13.011812567653148,14.615392659765266,0.9039201883375156,8.469344102883001,1.606729862712643,-2.671946173137404,5.8854058985626905,3.522634506225586e-05,2.2603294069810534e-06
bike_tt1,tau,bw,27,13.011812567653148,14.093583262069478,0.6689799100858931,5.187207705930007,1.0643397401431698,-2.121121029520228,4.249800509806567,0.0010209232568740845,2.2603294069810534e-06
bike_tt1,t50,sg,27,23.552908201442825,24.35025419460055,0.6779385532603044,7.921751490638751,0.4850993930766222,-2.9956577173803236,3.9658565035335682,0.11668527126312256,0.04455142624448955
bike_tt1,t50,bw,27,23.552908201442825,23.93088873070322,0.6157871320577897,9.423065249537213,0.4507344096589964,-3.355821097256778,4.257289916574771,0.10562613606452942,0.04455142624448955
bike_tt1,piecewise_rmse_pct,sg,27,3.83522820312012,3.836429403003275,0.0012291855095858395,0.06603123245033338,0.004244470528784261,-0.020602001593526827,0.029090942651095346,1.4901161193847656e-08,1.105088037801421e-10
bike_tt1,piecewise_rmse_pct,bw,27,3.83522820312012,3.8385265390812617,0.005821325321811344,0.06416155775614119,0.011414667843060403,-0.019466967047053797,0.0422963027331746,1.4901161193847656e-08,1.105088037801421e-10
bike_tt1,monoexponential_rmse_pct,sg,27,3.0702148629137063,3.1175872768537927,0.04510678565337356,0.14878063230455552,0.049212606529206816,-0.02550737404891277,0.12393258710732641,1.4901161193847656e-08,1.1975620614270617e-11
bike_tt1,monoexponential_rmse_pct,bw,27,3.0702148629137063,3.1056171477271564,0.011041847255411685,0.09726415954543577,0.024195825919867738,-0.026942476582854463,0.07533412842258994,1.4901161193847656e-08,1.1975620614270617e-11
bike_tt2,breakpoint,sg,27,46.41350260021132,46.33017046105266,0.3475411155464698,3.0837857387042718,-0.14552416420704933,-1.9356329928327456,1.644584664418647,0.8593128323554993,0.6178673543839219
bike_tt2,breakpoint,bw,27,46.41350260021132,46.21204200237583,0.4660468288136883,3.559575780251052,0.0067454489875665834,-2.6455243314391272,2.6590152294142606,0.6109333634376526,0.6178673543839219
bike_tt2,mrt,sg,27,28.16937199645176,28.65148096932115,0.6073863958878789,3.104713201798873,0.3191890827666843,-1.6858308384192755,2.324209003952644,0.15513363480567932,0.3545035081397571
bike_tt2,mrt,bw,27,28.16937199645176,28.41032396610136,0.25110977151818403,2.690520761468008,0.2083923257870534,-0.9882691913330302,1.405053842907137,0.028018027544021606,0.3545035081397571
bike_tt2,tau,sg,27,15.351194028018837,16.79974869591269,0.747759859733435,8.024157951317026,1.5092083296524266,-2.6961841932380644,5.714600852542917,2.586841583251953e-05,3.0398459939821355e-06
bike_tt2,tau,bw,27,15.351194028018837,16.116837058991784,0.7656430309729476,5.0866270942441165,0.6360195097924519,-1.9138149633700308,3.1858539829549346,0.01506437361240387,3.0398459939821355e-06
bike_tt2,t50,sg,27,24.157866965640387,25.04222891911171,0.9950800607698191,2.504701694244517,-0.0019971256099556405,-2.1740537668370146,2.1700595156171034,0.9528931677341461,0.14574074922416938
bike_tt2,t50,bw,27,24.157866965640387,24.684462932856697,0.6144077864824986,1.9666189197958417,0.1977567363372988,-1.361567962774168,1.7570814354487654,0.1348898708820343,0.14574074922416938
bike_tt2,piecewise_rmse_pct,sg,27,3.7767354851873423,3.7826726746636647,0.0028601288045591033,0.019764358898102685,0.004982482576150078,-0.0062477734369119345,0.01621273858921209,1.4901161193847656e-08,2.7050021026047406e-11
bike_tt2,piecewise_rmse_pct,bw,27,3.7767354851873423,3.7800464095043464,0.015427343403716431,0.08155755020938393,0.020616445797738397,-0.020977100851414267,0.06220999244689106,1.4901161193847656e-08,2.7050021026047406e-11
bike_tt2,monoexponential_rmse_pct,sg,27,3.532646375826449,3.577510403004648,0.02896593715476614,0.19417389018146913,0.04034021379446101,-0.041790100626015625,0.12247052821493765,1.4901161193847656e-08,4.92332482097776e-12
bike_tt2,monoexponential_rmse_pct,bw,27,3.532646375826449,3.539062520963718,0.010173472344289891,0.05967728598319022,0.016849681603001307,-0.017315902424424677,0.05101526563042729,1.4901161193847656e-08,4.92332482097776e-12
