,sg,sg,sg,sg,sg,bw,bw,bw,bw,bw,cleaned,cleaned,cleaned,cleaned,cleaned
,A0,A1,tau1,TD1,window_end,A0,A1,tau1,TD1,window_end,A0,A1,tau1,TD1,window_end
p01,0.5949903735905056,3.8611431872795516,29.51298472072506,9.057767886328751,240.0,0.7731649402648942,3.583736533724363,25.55243343522536,12.405214552263365,150.0,0.7732549673390408,3.565541363997584,24.0676583933114,13.70972773568025,150.0
p02,0.42725886250134637,3.299066712760004,17.775691000131324,7.420655555987798,215.0,0.33316353295027384,3.390932461042659,17.230532976608973,7.697107523634804,215.0,0.33309617334494757,3.391800401039943,18.066029496670193,6.2260520917156486,215.0
p04,0.8614525128044158,2.0466709628718753,13.342786895416845,14.918586182231085,185.0,0.8952715326915824,2.011658531127761,13.089655017898453,15.383813615722763,185.0,0.895301831557578,2.0060857926142175,12.136959509365875,16.409764244262526,185.0
p07,0.8284832250136327,3.7086778144842807,14.104100205369315,9.928880390609688,240.0,0.9324806067446273,3.6040085111269153,13.919266129577483,10.409394138313768,240.0,0.9325217952615239,3.602065116000481,13.658085272405788,10.738885416323296,240.0
p08,1.0027906043741073,3.857830521396181,18.169830243522686,11.66662789330249,125.0,1.1351489336695226,3.5357141465566997,14.26184272509048,14.148481241010881,65.0,1.1351997296706169,3.4908001446163666,12.59668720989541,15.572684786556351,65.0
p09,0.8243193427122891,2.3997374800864564,16.79974869591269,13.092992627213912,240.0,0.7699915715671883,2.453852185190104,16.746338573638837,12.64441095494846,240.0,0.7700078986389292,2.430078805246603,16.051988836179255,12.64281134607612,145.0
p15,0.8249995809171445,3.706914247709786,19.488106410935846,14.420794367618385,240.0,0.8465913560519019,3.684833598503429,19.288727266222388,14.66656876412993,240.0,0.84656693329599,3.483897398413636,14.202100171978271,17.062675096906034,105.0
p17,0.7389184433009325,3.7157632960985425,16.952819465991386,10.728696257542241,145.0,0.7891255199588768,3.6634317993876406,16.7011843629546,11.187513572387616,145.0,0.7891426095792134,3.6622241875854136,16.485383465431248,11.43778888088764,145.0
p18,0.5037720497261093,2.281126399335141,10.012515735214391,13.566417167765081,240.0,0.5244401596378099,2.2601460391910555,9.803094023421831,13.827911783211789,240.0,0.5244124840471368,2.2598885456450737,10.081888385509265,13.245922773714979,240.0
p19,0.5678047168801313,2.3905032263778625,16.658353515941794,10.83062905682429,240.0,0.5313157892569078,2.4269960047639296,16.649094596356623,10.535034280018957,240.0,0.5313125384298073,2.427741781420342,17.15556633728217,9.726029839596032,240.0
p20,0.727226394061369,1.8392411082746174,24.812884051073837,8.713991374126518,240.0,0.8345839704223165,1.7300538793096896,24.336074732795158,10.614594052701696,240.0,0.8346765336403654,1.7285495503883033,23.56184978807829,11.505733591376613,240.0
p21,0.9310037942613558,2.714214092781493,34.5551218014458,9.957051178612826,240.0,1.009799711300361,2.6306619417101555,34.23022510174294,11.057975525162123,240.0,1.0097345119091183,2.632058661969178,33.91017777524447,11.552501606847272,240.0
p25,0.15373415823676884,3.144926506870207,16.12178923436326,9.468877659422448,240.0,0.13714083306687536,3.1623514835079405,16.025790324022044,9.578647934276514,240.0,0.13720595931169602,3.1622267708314284,16.40604362617291,8.944489250043478,240.0
p26,1.111758126862446,2.8910603000500914,17.587528366788074,12.739199765813956,100.0,1.0807872203345574,2.91766975736152,17.409715137846902,12.599575680766412,100.0,1.0808386727632375,2.88795579657002,15.607490749276629,14.075269810051752,100.0
p27,1.0172079083116103,2.6696533840474883,12.569695883195012,16.081785086126136,240.0,1.0023981080516848,2.682146153824014,12.35963085108371,16.077977158620833,240.0,1.0023994842843982,2.6833526797430176,12.750581540450757,15.477858867989704,240.0
p28,1.0748346126542596,3.4308106524814557,25.245248072292966,11.980113836969831,195.0,1.175659737215069,3.2824186372945117,23.117193713755785,13.804581551074598,175.0,1.17569860886816,3.3266410154545802,24.87516844125163,13.041106001114827,195.0
p29,0.8152695222240297,2.5166429151109653,13.88367462608894,10.26570885897437,70.0,0.8618072844901764,2.45357977162093,13.120131691430021,11.023457446398366,70.0,0.8617345377106009,2.4700510254467827,14.136633344225633,9.892975597779236,70.0
p31,0.3382732388115274,2.4650065519779267,13.785520664108638,11.591498630566484,240.0,0.4017481465269577,2.4008096106962387,13.668755289960174,12.03155624661641,240.0,0.40173539447145495,2.4013882291843522,13.478460356877475,12.472960951217289,240.0
p32,0.8116794758873797,3.7484946841473814,19.068518202755598,10.038493229171637,150.0,0.8644222414377498,3.4491932545444035,13.377528432263423,13.281995370908103,65.0,0.8644182227293427,3.3667864992908094,11.044360251438576,14.957937978689785,60.0
p33,0.9706603375656984,2.1383364100233804,22.827092412261948,13.217270069742955,205.0,1.0568574533552275,2.0316632055348873,21.65532194405339,14.67325213890631,195.0,1.056851615148763,2.0204825571500504,20.652317271628206,15.601983557065326,195.0
p35,0.59581318921499,2.635188792041371,13.106678938106743,11.256250213746503,240.0,0.5148041615568112,2.7151161543072706,12.982368470587325,10.993274889030769,240.0,0.5147994817354842,2.714641729990227,12.919973467325937,10.723335013044654,240.0
p36,0.7473648331142444,2.591163349174374,22.71935683050744,12.435444296002267,80.0,0.7984241228528737,2.5123946537079926,21.704194525195067,13.35190648049863,80.0,0.7984628149839976,2.479256901608847,20.523562319859067,13.938191649782055,80.0
p38,0.501553175204221,1.98858926053517,12.195351985312076,11.494600509349725,220.0,0.46935104443002706,2.019380093829886,11.64949546252013,11.945610029831377,220.0,0.4693196737572037,2.0129720520160737,9.698721084960747,14.102616050262888,215.0
p40,0.6518469529679701,2.9168694313711945,17.11724077917684,12.571165552984048,220.0,0.7356254802929719,2.831954476051277,16.953262129538594,13.2063961964949,220.0,0.7356233520758751,2.8291608639153645,16.56908779197053,13.751973400702651,220.0
p42,0.48800306960635725,2.2233674709727884,11.70392732381792,11.487247375969677,190.0,0.550879461159965,2.1592870075292123,11.410862111143599,12.108376246348403,190.0,0.5508831926387191,2.1559604933780934,10.73730080650966,13.058442272618871,190.0
p43,0.6020238884670279,3.037430142031935,16.288534766357984,11.698760942448791,90.0,0.5502336984771518,3.0864045084264364,16.116837058991784,11.553963096708195,90.0,0.550278428994359,3.0672641439024226,15.351194028018837,12.055259009756229,85.0
p44,0.9420371969788811,2.4976415426755856,13.31108181955999,16.544608827931903,70.0,0.9657495524847144,2.4604455716989726,12.780528426230017,16.950110021167095,70.0,0.9658196826681094,2.451709988161235,12.24228802444065,17.379657639237323,70.0
