,sg,sg,sg,sg,bw,bw,bw,bw,cleaned,cleaned,cleaned,cleaned
,A0,A1,tau1,TD1,A0,A1,tau1,TD1,A0,A1,tau1,TD1
p01,0.5949903735905056,3.8611431872795516,29.51298472072506,9.057767886328751,0.7731649286588008,3.683193802169861,29.065476270074054,10.975514696739596,0.773254984629603,3.673110884399758,27.649931740149686,12.330140332377438
p02,0.4272588753811531,3.3312997847166192,19.440711510069708,6.075554187062505,0.3331635397363432,3.422528092939134,18.78690025384341,6.431894715659293,0.33309617963357147,3.4262179979417993,19.92310486446833,4.634180548515244
p04,0.8614525178260143,2.0849547970922298,14.57688983262684,14.409661692537592,0.8952715273649472,2.0500548326451042,14.292291886699166,14.915192224396069,0.8953018305167626,2.0477396930948695,13.310762441640858,16.001866055206868
p07,0.8284832250136327,3.7086778144842807,14.104100205369315,9.928880390609688,0.9324806067446273,3.6040085111269153,13.919266129577483,10.409394138313768,0.9325217952615239,3.602065116000481,13.658085272405788,10.738885416323296
p08,1.002790612252999,3.956361528966424,20.94123357543176,10.2080572032637,1.1351489164153712,3.8291294205403603,20.706588583877355,11.268225264776873,1.1351997257267743,3.818296803675228,19.24434958264954,12.795867122312757
p09,0.8243193427122891,2.3997374800864564,16.79974869591269,13.092992627213912,0.7699915715671883,2.453852185190104,16.746338573638837,12.64441095494846,0.7700078962661426,2.4546555827616032,17.051126602251518,12.110837723322136
p15,0.8249995809171445,3.706914247709786,19.488106410935846,14.420794367618385,0.8465913560519019,3.684833598503429,19.288727266222388,14.66656876412993,0.8465669261875396,3.6792306226775318,18.283288302843673,15.699914959907053
p17,0.7389184445077491,3.8451871212776094,21.449531501667963,7.87409296436039,0.789125535264846,3.797089776156179,21.34772730793924,8.291027135772849,0.7891426260521288,3.794960122833895,21.0304695224447,8.631351628101381
p18,0.5037720497261093,2.281126399335141,10.012515735214391,13.566417167765081,0.5244401596378099,2.2601460391910555,9.803094023421831,13.827911783211789,0.5244124840471368,2.2598885456450737,10.081888385509265,13.245922773714979
p19,0.5678047168801313,2.3905032263778625,16.658353515941794,10.83062905682429,0.5313157892569078,2.4269960047639296,16.649094596356623,10.535034280018957,0.5313125384298073,2.427741781420342,17.15556633728217,9.726029839596032
p20,0.727226394061369,1.8392411082746174,24.812884051073837,8.713991374126518,0.8345839704223165,1.7300538793096896,24.336074732795158,10.614594052701696,0.8346765336403654,1.7285495503883033,23.56184978807829,11.505733591376613
p21,0.9310037942613558,2.714214092781493,34.5551218014458,9.957051178612826,1.009799711300361,2.6306619417101555,34.23022510174294,11.057975525162123,1.0097345119091183,2.632058661969178,33.91017777524447,11.552501606847272
p25,0.15373415823676884,3.144926506870207,16.12178923436326,9.468877659422448,0.13714083306687536,3.1623514835079405,16.025790324022044,9.578647934276514,0.13720595931169602,3.1622267708314284,16.40604362617291,8.944489250043478
p26,1.1538478000908272,3.387226172237783,43.5374359022434,1.2171710165292129e-14,1.1303157212215014,3.4067128762404466,43.068050001171926,5.946805175450747e-15,1.1049459801295083,3.4314899601429407,42.8746009578558,3.9287311548365047e-13
p27,1.0172079083116103,2.6696533840474883,12.569695883195012,16.081785086126136,1.0023981080516848,2.682146153824014,12.35963085108371,16.077977158620833,1.0023994842843982,2.6833526797430176,12.750581540450757,15.477858867989704
p28,1.0748345979817877,3.578828847113003,32.52460138963971,8.37788992749598,1.1756597159500557,3.4706670376778215,31.707600374696472,9.911248147294412,1.1756986626759878,3.4736338659589387,31.992156898171512,9.7315902808441
p29,0.8152695298308889,2.6278507319762756,17.52501569544811,8.031446874969358,0.8618072861371128,2.58143430416703,17.42549875154397,8.359597610025856,0.8617345302173804,2.58162809500003,17.960405663834816,7.512149044027785
p31,0.3382732388115274,2.4650065519779267,13.785520664108638,11.591498630566484,0.4017481465269577,2.4008096106962387,13.668755289960174,12.03155624661641,0.40173539447145495,2.4013882291843522,13.478460356877475,12.472960951217289
p32,0.8116794805595305,3.8427751737659337,22.593184896492257,7.8431613709651105,0.8644222422605936,3.788218000547097,22.24447483001098,8.47735381671674,0.864418225238167,3.782155125803179,21.074662165963208,9.71172322130409
p33,0.9706603541697656,2.227613274188285,29.13761529291273,10.210745911962986,1.0568574350849067,2.1420992895054045,29.03678286429004,11.496990630231677,1.05685161315936,2.136018062515288,27.62045560854095,12.852956223080145
p35,0.59581318921499,2.635188792041371,13.106678938106743,11.256250213746503,0.5148041615568112,2.7151161543072706,12.982368470587325,10.993274889030769,0.5147994817354842,2.714641729990227,12.919973467325937,10.723335013044654
p36,0.7521223614439436,3.4192766606994187,59.030785654351845,1.3812132488958498e-12,0.7984244398599902,3.364396954755288,58.37807646253622,1.1082250016588295,0.7984628981938111,3.362913067313474,57.99504913743277,1.475430296675146
p38,0.5015531721799391,2.0012399304344077,12.873601252689149,10.986596968352352,0.46935104288279506,2.0316723243675474,12.271868704783726,11.483465990629748,0.46931968059374907,2.027504905142011,10.316658245091167,13.686613115983764
p40,0.6518469560256223,2.9384918570859617,17.772063802300128,12.26353197259485,0.73562547756344,2.8536924446235763,17.60599144480736,12.916359228004364,0.7356233380286739,2.853091721279512,17.256193664982753,13.460355116830002
p42,0.48800307130166637,2.2478770577277247,12.529688602362409,10.945690738210692,0.5508794602549906,2.1843459451474025,12.249240214147084,11.577145062228649,0.5508831881819835,2.183182104662155,11.593216781648687,12.539172111200303
p43,0.6020238828358669,3.191518574665094,21.70094955135068,8.646101897969752,0.5502337015336178,3.243028762772335,21.5999237271991,8.38841663967629,0.5502784320278967,3.2412326740975255,21.303763716068236,8.634471045535987
p44,0.9420372093682918,3.0535948886249646,35.59282781990869,6.786733633162639,0.9657495518732321,3.0309332242945164,35.46774846341873,7.199082459561031,0.9658196812344547,3.0216709545871367,34.20933679707422,8.193741163464221
