,sg,bw,cleaned
p01,122.36411911428101,118.33157441697797,118.23620991132587
p02,60.000012442767385,59.99999953687531,55.00000384898515
p04,217.952650933351,218.7466499876222,222.43694554588242
p07,54.999994724605045,54.99998947541929,30.000000000000004
p08,236.65034360088848,102.92336008904553,100.00001380479469
p09,98.2550670778883,98.60922110116431,34.99999997554132
p15,99.99999619179363,99.99996258627756,70.0000188894788
p17,114.73885484591369,113.1525174043893,119.9999708543806
p18,30.000000000003745,30.00000000174232,30.000000001218424
p19,193.95521453523693,192.70205422969534,194.9999991948879
p20,175.7323983788655,175.00001931459468,59.99999948038912
p21,80.00000034093195,80.00000174647361,75.00000312218094
p25,184.9999982746671,184.99999951948874,184.99999983718521
p26,94.49185821565509,94.74636568630945,34.99999097074846
p27,32.05389267631829,32.05074921430776,32.72326812880506
p28,166.84169563530207,148.25040348288252,167.90920486461113
p29,62.25768572884046,52.81645481822008,54.999990745335126
p31,30.34958151694585,31.168902509897116,30.000000000000004
p32,56.23531916871139,50.8407982856946,40.00002323708638
p33,154.64789968578765,154.9999983187077,155.00000218751012
p35,38.70318709776737,39.39634927369778,39.20786435687765
p36,79.24075107579448,78.90547867726941,76.80358559520019
p38,94.99998300314195,92.2289902690391,39.999998973286
p40,180.51775916097645,181.60024246266866,188.9965755326478
p42,188.97821785519426,189.78107036612485,190.00000013724858
p43,66.62174775616522,65.49760511325864,60.00000001992173
p44,60.00004691865319,60.000005561145855,60.000000208968046
