,sg,sg,sg,sg,sg,sg,sg,bw,bw,bw,bw,bw,bw,bw,cleaned,cleaned,cleaned,cleaned,cleaned,cleaned,cleaned
,A0,A1,tau1,TD1,A2,tau2,TD2,A0,A1,tau1,TD1,A2,tau2,TD2,A0,A1,tau1,TD1,A2,tau2,TD2
SP2206,0.4876452414116164,2.3164590426525464,20.601883067946645,7.779593713542926,0.8463570090137469,299.99999999999994,131.6900401868754,0.47719648478170645,2.3261013688611296,20.42758643049716,7.912348406746749,0.8461657576005863,299.9999999999997,131.5071817526765,0.47720000052180406,2.314859960370771,19.211907533856017,9.146223896994247,0.8340141543466081,299.99999999999994,125.25835682577475
HS2601,0.5753404782041389,2.171142928016992,14.771142445284667,10.315202136065778,0.2508353364431066,57.471935584398246,51.07359453963062,0.6115305409979382,2.107858380606005,13.503249267836175,11.559559748973518,0.26981432299162905,47.39190580144663,52.36546879977999,0.611600001544307,2.0674746423832273,11.836853304664107,12.88049825855991,0.30351908793774846,39.86490976898876,51.78274642758657
FF1107,0.49732142911260074,2.1575945134119663,21.07112030595304,9.6581341143719,0.22767753783399375,114.58539022586561,102.34739226101203,0.5536142990503932,2.097282746904014,20.547229403392606,10.73559320123171,0.23775313413274993,115.05329807883726,102.35663121805123,0.5535902082251895,2.0870333610534044,19.22852829073587,12.082051530152759,0.19749670519666931,70.37277917747754,105.00000015251204
HL1301,0.761590474291505,1.9342580903025535,24.448465750405575,2.1397621098527715,0.45058161550385223,10.000000000000002,30.000000000000004,0.8976583947934227,1.8642671424564765,23.361150458631087,6.105898520189246,0.38525336003230104,10.000000000000002,30.12625950451927,0.8976999971950896,2.040095056689729,20.427291830710715,11.422755040048294,0.2056978607140851,10.000000000000002,30.000000000000004
GC2408,0.9930238113066827,2.1595941739475246,24.431611830382366,8.006461135470966,0.15840278745452704,10.000000000000009,123.00806296591391,1.0433029870130228,2.1054552196713683,23.892304772007424,9.084276326303407,0.16110645073643332,10.000000000000002,123.29703595641364,1.043138753081195,2.108239665848092,23.944842954180697,9.099690365798063,0.1608110595727659,10.000936983835256,125.00000022042595
LB0303,0.803980950570038,2.5597651589372217,23.835987613740414,8.677453708681268,0.8472116325088043,299.99999999999994,169.27438995787247,0.8748749799078179,2.485688574586854,23.170547186634202,10.096211250240936,0.8480485414056681,299.99999999999994,168.39447154715623,0.8748972126609134,2.4523568291091773,20.385911691424894,12.386186339176096,0.65869830830171,299.95614119707267,135.00003115257857
SE1208,0.7070282586633909,3.652436525862014,29.389034852599778,6.621235368852487,0.2623484346964111,39.746031966144336,150.00000219112218,0.8178098254768698,3.538853029185539,29.069750983240485,7.8947092390637,0.2572609822145044,37.288245826289874,149.99999970461937,0.8178000088806983,3.5295271878610515,28.136426925414483,8.911144286119315,0.27715227626146427,41.359288068923526,148.08391458104015
LA1404,0.9908285761091965,3.245872435727095,23.53174947622885,4.886428434864693,1.303219458744842,299.99999999999994,132.35099448942353,0.9453756041655357,3.279872779541664,22.756551204419097,5.367608764765074,1.2762940244359713,299.99999999999994,127.577905018114,0.9455203004170805,3.267207935380154,21.61760977552039,6.521943838551108,1.2973945595109715,299.9834914428482,125.0000002306031
KA1406,1.0454238149884176,3.3078021938995774,26.965703094844674,11.825341520571063,0.1341009948554806,10.000000000000002,189.90793434100704,1.0214366161587471,3.3325897449983257,27.100445438501897,11.464448716120579,0.12978153263507966,10.004519576174799,189.99999774410713,1.0566319303135765,2.693760509507431,38.909392576558595,7.267970657352544e-15,0.6755448184052116,10.000000000000204,30.308399383695935
WM0403,0.7411023827488541,2.284390968328161,18.025786751984718,9.890945747002519,0.2655846447909885,65.26269097426619,114.87928276827276,0.691566864080153,2.332423993336851,17.891014938974624,9.605661858315312,0.2854378086987563,73.5888942864379,113.92448367822523,0.6916000000447544,2.1052830044108117,12.371487589783944,12.004231728361843,0.6419576507191315,162.56239805838177,30.000000000000004
JP1906,1.4368380985099412,2.4508872657437095,23.67385288759784,12.448209811872712,2.4429827100827834,299.99999999999994,211.9124355976331,1.4024845265653476,2.4855452589514244,23.810285081256186,11.899061285165995,2.3900642274073367,299.99999999999994,211.67888806991914,1.4025000006471007,2.48761540615989,24.457210193541236,11.16011154262515,2.326550836835361,299.9999999999992,211.2061770275405
SJ1006,1.8043190483797684,2.976692449095114,22.171044937989926,11.844319940473959,1.4334762283344553,299.99999999999994,141.39290514060065,1.8772611802679804,2.8999550948198456,21.806769278871695,12.64017132511066,1.429369474915551,299.99999999999994,140.5560327326997,1.8776389979468322,2.895739773563885,21.485986344429662,12.869978966768295,1.4453070361911928,299.798484033671,140.0000014762268
ST0412,0.8030095233465886,2.751546103546612,27.197070184467133,4.782929099925916,0.3868531621423949,36.31260382028366,152.04478368995524,0.8446615980361862,2.7067586565675024,26.56169632962837,6.0188310396059315,0.36000582138892867,29.70517926516941,153.08973566257202,0.8447000225479966,2.700043434456895,25.305513362087165,7.465474842062797,0.3752151611695518,30.247225080458684,153.51463544398004
RJ1612,0.9725023829998608,3.103173877778066,19.806270598973573,5.600164290822674,1.8964664947345315,299.99999999999994,137.30188028734827,1.0404701834173662,3.0323667683234388,19.439785664484624,6.4831601426490115,1.8991464592680614,299.99999999999994,136.84692349864724,1.0405000244151463,3.0171582739572353,18.037922862255662,8.121249106929852,1.854114067221634,299.9999999999977,132.0803387981096
SL2009,1.4442428567727945,2.19102519454016,20.237105470320557,13.001206660726899,0.5459227585077525,10.000000000000002,208.96593621963638,1.5004317424172096,2.1344227514493457,19.890067538829634,13.854497078720453,0.5492401104913393,10.000000000000002,209.56226506480834,1.500499995951582,2.128444450385249,17.92654040421574,15.809582108560416,0.5874096075850638,10.000000000000002,210.9854936821681
AA0509,0.8221785726950649,1.7541691054847515,13.974986049998368,12.922281444021666,0.2641987964369021,31.329016956509474,72.69792846959753,0.8099873021259218,1.7623730014387933,13.639049285605465,13.086918969451176,0.2672690838620459,30.6158013761963,72.81136363330184,0.8100000017064728,1.7650670886980449,13.820619113803536,12.839013571328195,0.26489326824010745,30.375415540505315,73.39228606764816
IV2507,1.1391142965352345,2.8223673208037465,25.139605031023134,6.989036070863472,0.29579814824671263,10.000000000000002,118.55288489812298,1.2024947420883663,2.745535673250434,24.154214359636164,8.348164513342223,0.3087947291193361,10.000000000000002,118.06639677711735,1.2016789440740334,2.7187547314566323,22.360986265584494,9.761584593029848,0.3324222960458545,10.569279985647071,115.00000480803762
PS2810,1.3197738041579836,2.787982283532271,13.002169072798889,10.525927418827562,1.0070710292943323,218.25517147375118,45.05739571241343,1.3484733087420055,2.740384622888643,12.304430876547755,11.182988079293498,0.9276576932388622,182.93048865971502,44.99999840526041,1.3484865692310843,2.655851892907709,9.860374765542128,13.250421173688625,0.8829796850549512,133.54720000581966,40.00000554228701
VK3004,0.6611904771787517,2.624538502239708,20.995226502004826,9.913761323524326,0.21119058637124533,25.64626550199297,112.09798026877948,0.7600349188545751,2.5461671467987714,21.589100689674307,10.581517680461578,0.17988165554648597,10.000000000000009,127.98520006875131,0.7599999942981056,2.5435817538419454,21.227047083055098,11.084569409962517,0.1838968137395216,10.000000000000004,127.59549971017353
SF2004,1.1391524015603158,2.860665696595947,10.819542630109229,12.665266686900964,0.1763223817312183,10.000000000000002,106.68220303202766,1.1507746838633583,2.8461385088511153,10.426262838855314,13.14387241453373,0.181020867374105,10.000000000000002,107.06344071614105,1.1507999750079103,2.8450243882354274,10.623426411038972,12.463090792396567,0.18170036372434015,10.000000000000002,106.91148344581491
EF0410,1.1060119253262175,2.6894504456464836,20.244255041002635,5.936245618154856,0.3361092518297138,10.000000000000002,76.4838346302398,1.0099077343667267,2.7944549350720678,20.561808758915408,5.11660625212263,0.32708428435646003,10.000000000000304,77.06765217580059,1.009899975707502,2.8174909799176504,21.665237686383346,3.9440945505706013,0.30823190014478447,10.000000000000002,79.02835301677091
FJ1809,0.7486334623590252,1.21870140166452,11.58593214762761,4.748950572681309,0.5570753220035719,35.11618240738675,30.000000002470035,0.8327550702966013,1.6454898746961162,27.143525430226088,3.0192245510261597,0.045784206281256075,10.00000000000103,119.09927578918536,0.8327886904195606,1.6002079842238484,22.238956608793387,7.419776027635315,0.0886648519731373,19.545691845193108,94.9999968022441
AL1606,0.2387309464668865,3.768414991804988,26.6360018108131,3.65318308655905,2.1394767792798506,299.99999999999994,143.95206147679045,0.37636802057848795,3.6205074770534615,25.572166279593144,5.833000254188299,2.171229233261177,299.99999999999994,143.03985062214628,0.37640000225364334,3.5853619455927865,22.61955855393034,8.80056453772304,2.1689038581356472,299.99999999999994,137.284045640368
FY2803,0.04408905954022601,3.445972654024137,15.419650419633932,2.7389954620791782e-33,0.8856030411630713,47.63640310029498,30.000000000000004,0.23708724566154155,4.011294053003021,25.482369826169332,1.8608641686149922e-18,0.6834475591960667,299.99999999999994,144.8309617903653,0.2093724060045373,4.047599832465952,25.86525077165681,7.164503016869133e-14,0.6728270688236534,299.99999999999994,148.44136483093553
BC0611,0.7013309531385856,1.9622641961130893,16.952458452164297,7.567247756119427,0.1922267942211637,18.26510029350721,85.29773806756359,0.7852015788866294,1.8636346226703786,15.610187924286135,9.650954097202687,0.20758944287082995,19.10605659612565,83.78935573508512,0.7852000000490874,1.8424548183546516,13.599141340867977,11.651182481935157,0.22986875861581696,20.453573593502476,81.63601910569821
MJP1611,1.057141257130744,2.7693039274782043,19.52693726028568,12.258607383992247,0.32968122004436023,37.57973834536168,74.99999901631307,0.9000214093100566,2.9218648433122976,19.265542371522663,11.464592764898633,0.3291023604754559,35.94752672260095,74.9999936821767,0.9000115439389452,2.8581745076929534,17.424262986756236,12.223525739621314,0.3983341732944487,37.84931340684481,69.9999999627735
ZM311,0.814154760936649,3.3194614561293716,16.01088451845646,11.861711697314881,0.6373625397144015,87.7887566965261,66.84880743952054,0.8582478994581549,3.242238835224305,14.912945353199175,12.902766197742496,0.6601167710895118,83.28269961240353,64.61463228625105,0.8582995390605301,3.1579794400783276,12.482876096472703,14.491285572238574,0.720015015885658,73.03814310631867,60.000001125515894
BE1110,1.3904761900458564,1.3552355069528013,10.830647076677602,15.639721495813427,0.6729495204506857,72.75800156247023,57.353399290775045,1.4200129411617002,1.2635475175086852,8.444532708583118,16.8344435345441,0.7333432969134231,72.29106963210337,51.26903265200346,1.4199999946224973,1.126640601737607,4.08563687890117,19.11809239892691,0.8753276254637679,73.71559793257676,38.517273715108324
WB2110,0.8990714192141916,2.932876828400013,14.99343852896019,9.125865859544893,0.5956967812312683,35.75435351894173,59.46304785497233,0.9134665587542683,2.8969145214880965,14.12292314993927,10.060216339042805,0.6205241577137816,35.876726772126396,58.968639009207266,0.9134999910905648,2.849066328561673,12.59631806105856,11.254429596762552,0.6641481603923561,34.86829531313641,57.4052880499309
HA2610,1.1854238105477808,2.944607520862877,19.83636222764287,11.209173420367604,0.32300631254151524,36.278775024333726,122.50714408260404,1.2495939369638107,2.877528425175312,19.511893181977886,11.978477513117042,0.32172188495445153,34.61661855214924,122.74704365012455,1.2496046536226437,2.8638332005408853,18.205310502516102,13.36490442026818,0.3427266382507255,37.844991974773784,120.00000133869851
WV0510,1.055238098779943,1.8752122597799505,16.197690026782197,13.378355601638399,0.4031353603909843,70.40218879311035,101.24101666719078,1.0500130576576618,1.8762353597375552,15.990304907406399,13.43353304448763,0.43871980201703065,82.83916401291174,98.48704530802938,1.04999535783311,1.8811835677529263,16.545981878915356,12.868533672285508,0.4143899397926072,75.79459026331779,99.99999214296194
KL1507,0.7320214244359365,3.457552695084083,19.170637665211526,11.992566124007832,0.4130520631079445,35.88780616604941,88.26973826373955,0.7416510924468916,3.434711538490529,18.590395129820415,12.504841938861297,0.4274949349929571,36.173970391601884,87.45795659197174,0.7417000067402447,3.3861699693733724,16.943683211247258,13.597516596210907,0.4823830326271236,39.13716148353378,82.68217935137092
SC2404,0.5032118909155103,3.969346619689158,28.929043521317155,4.4460779746139165,0.24842080185045837,29.097519140730142,172.52216772623123,0.544369846770058,3.9361244919265115,29.615812168735946,4.026026067204859,0.23114022494930409,22.01286784514424,177.5651630164121,0.5443999366295715,3.947791791578593,31.186583260084166,2.2699859481456612,0.21229050338092226,20.571212620653515,178.03331724200538
HJ1011,0.998611903649552,1.853852637287046,19.737804984323997,12.257134513716755,0.5565041057920094,299.99999999999994,62.49491429564658,1.025329429223328,1.8154189798954836,19.068013969145426,12.954084003806246,0.5846601478164642,299.9999623406694,60.00000211745909,1.025403696976151,1.817279266429,19.231733755949517,12.830269420882654,0.5779754579477404,299.99998832553365,60.000001546964995
KT1809,0.8482142870083603,2.5236855964961253,20.34439949354495,12.564234719240776,0.14365210296924227,10.735645869043493,111.79326920957507,0.9068398767374911,2.461261835819637,19.934919392119753,13.439527052656498,0.14659766456879514,10.000000000000002,112.42674061609121,0.9068999990209117,2.4528966880366565,18.924716328188506,14.505918762759503,0.15597378296431633,10.000000000000002,113.21757657547887
SJ0507,0.837885065589116,1.7492363751656974,26.727347527213634,2.2318329561528294e-13,0.39507226984599275,10.000000000000002,30.000000000000004,0.919591859473857,1.6867475889493901,25.694470881716544,3.0292267085779536,0.3743867464198462,10.000000000000002,30.000000000000004,0.9195999978990461,2.0017112667743584,19.10645817510218,12.43073926460695,0.06035614079442641,10.000000000000032,81.92250286161136
PE1605,0.9430857150707231,2.7289060554423368,32.24649793149902,13.33016327167158,0.1544472847331876,10.000000000000002,187.20189357587924,0.9666687433173851,2.7034945197694373,32.04855114197815,13.749320477611697,0.15419195648335832,10.000000000000002,186.85775736712947,0.9666999936675238,2.7006770698796023,31.737210486154503,14.026820388213952,0.15713363470787406,10.000000000000002,186.09352451335138
