participant,method,rss_mono,rss_bi,aicc_mono,aicc_bi,delta_aicc,bic_mono,bic_bi,delta_bic,slow_component_supported,bi_params_at_bounds
SP2206,sg,0.2990307797862564,0.08412316142941237,-220.1491075876909,-270.0973862846181,49.94827869692719,-212.50590060524542,-259.3601470045972,46.85424639935178,True,tau2
SP2206,bw,0.2980081221977819,0.08304605419444289,-220.30669294744013,-270.69017028839664,50.38347734095652,-212.66348596499466,-259.95293100837574,47.28944504338108,True,tau2
SP2206,cleaned,0.29631548655793105,0.08061989155767378,-220.5687099657821,-272.0540662009393,51.48535623515721,-212.92550298333663,-261.3168269209184,48.391323937581774,True,tau2
HS2601,sg,0.15304899489690996,0.10235652477429107,-250.9593745537984,-261.07310043348997,10.113725879691572,-243.31616757135293,-250.33586115346907,7.019693582116133,True,
HS2601,bw,0.1499754168571515,0.09654319416218045,-251.89256299155045,-263.76279143933886,11.870228447788406,-244.24935600910499,-253.02555215931795,8.776196150212968,True,
HS2601,cleaned,0.14879890880190938,0.09395929236452992,-252.25484077530302,-265.01072026783476,12.755879492531733,-244.61163379285756,-254.27348098781385,9.661847194956295,True,
FF1107,sg,0.16686351721866746,0.09055906619291294,-246.98414113051092,-266.706249245111,19.722108114600076,-239.34093414806546,-255.9690099650901,16.628075817024637,True,
FF1107,bw,0.1607447673426244,0.08361109364812465,-248.7026277627058,-270.3782495001359,21.675621737430106,-241.05942078026033,-259.641010220115,18.581589439854667,True,
FF1107,cleaned,0.15672305843046014,0.07867277897905886,-249.86815379152597,-273.17868341741456,23.31052962588859,-242.2249468090805,-262.44144413739366,20.216497328313153,True,
HL1301,sg,0.1243965222142927,0.12711966410573078,-260.4944327935497,-251.1064267050792,-9.388006088470519,-252.85122581110426,-240.36918742505833,-12.482038386045929,False,tau2 TD2
HL1301,bw,0.09979494961092476,0.09822052450950752,-270.63083853262145,-262.9704559454421,-7.660382587179356,-262.987631550176,-252.2332166654212,-10.754414884754794,False,tau2 TD2
HL1301,cleaned,0.08472864778837161,0.07680252056694752,-278.15937360487516,-274.28543204291384,-3.873941561961317,-270.5161666224297,-263.54819276289294,-6.967973859536755,False,tau2 TD2
GC2408,sg,0.2911368213814086,0.2115014143710364,-221.3797537425659,-227.68769763310078,6.307943890534887,-213.7365467601204,-216.9504583530799,3.213911592959505,True,tau2
GC2408,bw,0.2881861605921261,0.20781757162757436,-221.84834060770828,-228.49596595245202,6.647625344743744,-214.20513362526282,-217.75872667243118,3.5535930471683628,True,tau2
GC2408,cleaned,0.28817476488820426,0.20568423557469295,-221.85015961506042,-228.97061601404397,7.120456398983549,-214.20695263261496,-218.23337673402312,4.026424101408168,True,tau2
LB0303,sg,0.2481135654592836,0.12888176118584815,-228.73546500861653,-250.47316659161052,21.737701582993992,-221.09225802617107,-239.73592731158965,18.643669285418582,True,tau2
LB0303,bw,0.23296984455504446,0.11312304182862705,-231.63243202842676,-256.472454944653,24.840022916226246,-223.9892250459813,-245.7352156646321,21.745990618650808,True,tau2
LB0303,cleaned,0.22205254080659184,0.09790672435355185,-233.8402019598454,-263.11765445635876,29.277452496513376,-226.19699497739992,-252.38041517633786,26.183420198937938,True,tau2
SE1208,sg,0.45400376272661164,0.25724387028806367,-200.94139471792693,-218.68122603664952,17.739831318722594,-193.29818773548146,-207.94398675662865,14.645799021147184,True,
SE1208,bw,0.4371333343501418,0.2402531509237747,-202.683287043252,-221.8244696840017,19.14118264074972,-195.04008006080653,-211.08723040398087,16.047150343174337,True,
SE1208,cleaned,0.4319027157695594,0.2343959296623132,-203.23703014799875,-222.95981731879496,19.72278717079621,-195.59382316555326,-212.2225780387741,16.628754873220828,True,
LA1404,sg,0.6256612899513263,0.19106764502558243,-186.18902597371968,-232.36148890174277,46.172462928023094,-178.5458189912742,-221.6242496217219,43.07843063044771,True,tau2
LA1404,bw,0.6213197414828292,0.1837897336626127,-186.50933884373165,-234.14790697230012,47.638568128568465,-178.8661318612862,-223.41066769227928,44.544535830993084,True,tau2
LA1404,cleaned,0.6211229147508898,0.18073003639777216,-186.52391340731333,-234.92015249271662,48.396239085403295,-178.88070642486787,-224.18291321269578,45.30220678782791,True,tau2
KA1406,sg,0.40793301811220495,0.3443120866220654,-205.8635095485603,-205.27112534621486,-0.5923842023454426,-198.2203025661148,-194.533886066194,-3.686416499920824,False,tau2
KA1406,bw,0.4033119901097239,0.3389864099713801,-206.38756722547396,-205.9881943519282,-0.399372873545758,-198.7443602430285,-195.25095507190736,-3.4934051711211396,False,tau2
KA1406,cleaned,0.3832945557705677,0.24428514662518944,-208.7292737108835,-221.0588910524055,12.32961734152201,-201.08606672843803,-210.32165177238466,9.235585043946628,True,TD1 tau2
WM0403,sg,0.2588960024675007,0.0922811140997106,-226.77863054701447,-265.8397378914514,39.06110734443695,-219.135423564569,-255.10249861143052,35.96707504686151,True,
WM0403,bw,0.2564745427319406,0.08990579325400835,-227.2108941621376,-267.03928567717446,39.828391515036856,-219.56768717969214,-256.30204639715356,36.73435921746142,True,
WM0403,cleaned,0.25629407558958867,0.0869639718575632,-227.24327324539007,-268.5696350297594,41.32636178436934,-219.6000662629446,-257.8323957497385,38.2323294867939,True,TD2
JP1906,sg,0.22859222109833563,0.13686349849977614,-232.50501984401353,-247.7090880603071,15.204068216293564,-224.86181286156807,-236.97184878028622,12.110035918718154,True,tau2
JP1906,bw,0.2254548669938617,0.1336855652575277,-233.14072741474047,-248.7897915076812,15.649064092940733,-225.497520432295,-238.05255222766033,12.555031795365323,True,tau2
JP1906,cleaned,0.22299601678429895,0.13117163516912173,-233.64516724172498,-249.66304892194617,16.017881680221194,-226.00196025927949,-238.9258096419253,12.923849382645813,True,tau2
SJ1006,sg,0.8237761379021022,0.32052048751473095,-173.53490154969592,-208.56483007543704,35.02992852574113,-165.89169456725045,-197.8275907954162,31.935896228165745,True,tau2
SJ1006,bw,0.8179330152394731,0.31391466835773046,-173.8623466113642,-209.5227803407393,35.660433729375114,-166.2191396289187,-198.78554106071846,32.56640143179976,True,tau2
SJ1006,cleaned,0.8178202611949859,0.3134259642248243,-173.8686882597403,-209.59444920289667,35.72576094315636,-166.22548127729482,-198.85720992287582,32.631728645581006,True,tau2
ST0412,sg,0.6452219672900279,0.2351855533100682,-184.77290499698097,-222.80511478750154,38.03220979052057,-177.1296980145355,-212.06787550748066,34.93817749294516,True,
ST0412,bw,0.6453407264011803,0.22622938360583691,-184.76443904774018,-224.5910801925603,39.826641144820115,-177.1212320652947,-213.85384091253945,36.73260884724476,True,
ST0412,cleaned,0.6443231818774268,0.22091879281267443,-184.83702704141047,-225.68377686970453,40.846749828294065,-177.193820058965,-214.94653758968366,37.752717530718655,True,
RJ1612,sg,1.183412074349663,0.2611875976521462,-156.87101894026807,-217.9813651318459,61.11034619157783,-149.2278119578226,-207.24412585182506,58.01631389400245,True,tau2
RJ1612,bw,1.1814854886973842,0.2536537088944823,-156.94596760696302,-219.32773582373258,62.38176821676956,-149.30276062451753,-208.5904965437117,59.287735919194176,True,tau2
RJ1612,cleaned,1.1806942902322897,0.2483918519807523,-156.97678247641542,-220.29200799425703,63.31522551784161,-149.33357549396993,-209.55476871423616,60.22119322026623,True,tau2
SL2009,sg,1.7075094973919533,0.76350857772854,-140.00585400645966,-168.63783465007407,28.631980643614412,-132.36264702401417,-157.90059537005322,25.53794834603906,True,tau2
SL2009,bw,1.6964860404704525,0.7472235224079236,-140.30378670664402,-169.62959429052685,29.325807583882835,-132.66057972419856,-158.89235501050598,26.231775286307425,True,tau2
SL2009,cleaned,1.6751110562747853,0.72035278272889,-140.88704883319255,-171.31426605070845,30.427217217515903,-133.24384185074706,-160.5770267706876,27.33318491994055,True,tau2
AA0509,sg,0.1554186816574958,0.08347252979865298,-250.2526052961382,-270.45454588879966,20.201940592661458,-242.60939831369274,-259.71730660877876,17.10790829508602,True,
AA0509,bw,0.15536857446187452,0.08336258933341727,-250.2674381502734,-270.51517175893053,20.247733608657143,-242.62423116782793,-259.77793247890963,17.153701311081704,True,
AA0509,cleaned,0.15514467796504458,0.08311583545369601,-250.33377503321543,-270.6515340148065,20.317758981591055,-242.69056805076997,-259.9142947347856,17.223726684015617,True,
IV2507,sg,0.6332717888139819,0.4332569462538199,-185.63286104612243,-194.7011309569052,9.06826991078276,-177.98965406367694,-183.96389167688432,5.974237613207379,True,tau2
IV2507,bw,0.6328377386116086,0.4208821040066335,-185.66440067150057,-196.0341283819151,10.369727710414537,-178.0211936890551,-185.29688910189424,7.275695412839127,True,tau2
IV2507,cleaned,0.6322287210650889,0.40678902110733994,-185.7086905332542,-197.60080011222,11.892109578965801,-178.06548355080872,-186.86356083219914,8.79807728139042,True,
PS2810,sg,0.6046109416855675,0.23237974339664036,-187.7633288111111,-223.35720368814944,35.59387487703833,-180.12012182866562,-212.61996440812857,32.49984257946295,True,
PS2810,bw,0.6048314372299459,0.22762157779222233,-187.74655613085682,-224.3088680176868,36.562311886829974,-180.10334914841133,-213.57162873766595,33.46827958925462,True,
PS2810,cleaned,0.6043446726102292,0.21771644320426176,-187.78359155280117,-226.355454323625,38.57186277082383,-180.1403845703557,-215.61821504360415,35.477830473248446,True,
VK3004,sg,0.3311932911703001,0.20248483064182998,-215.4499474275059,-229.69176640660694,14.241818979101055,-207.80674044506043,-218.95452712658607,11.147786681525645,True,
VK3004,bw,0.3204367345047394,0.18993313765063458,-216.96874348249153,-232.63543843604728,15.666694953555748,-209.32553650004604,-221.8981991560264,12.572662655980366,True,tau2
VK3004,cleaned,0.3192228607105756,0.1885996607064497,-217.14333090986017,-232.95953290521322,15.816201995353055,-209.50012392741468,-222.22229362519238,12.722169697777701,True,tau2
SF2004,sg,0.9035594601031318,0.697328127619276,-169.28251881069386,-172.8085758992618,3.5260570885679385,-161.63931182824837,-162.07133661924092,0.432024790992557,True,tau2
SF2004,bw,0.9063079889954367,0.6993807223099402,-169.14280424065268,-172.67337317072162,3.530568930068938,-161.4995972582072,-161.93613389070077,0.4365366324935849,True,tau2
SF2004,cleaned,0.8984070179309116,0.6920411652903509,-169.54557918250447,-173.15866488172514,3.613085699220676,-161.902372200059,-162.4214256017043,0.5190534016452943,True,tau2
EF0410,sg,0.8001177107679932,0.7157471137317192,-174.8753397276873,-171.60931725257217,-3.266022475115136,-167.2321327452418,-160.87207797255132,-6.360054772690489,False,tau2
EF0410,bw,0.7944851876709108,0.7046053390379691,-175.20030732969644,-172.33101438885112,-2.8692929408453267,-167.55710034725098,-161.59377510883024,-5.963325238420737,False,tau2
EF0410,cleaned,0.7939879388061544,0.6990031718294513,-175.22910661895688,-172.6982123048067,-2.5308943141501743,-167.58589963651139,-161.96097302478586,-5.624926611725527,False,tau2
FJ1809,sg,0.11252843607784214,0.12126311942700752,-265.1067731489849,-253.27606981027654,-11.830703338708389,-257.46356616653947,-242.53883053025567,-14.924735636283799,False,TD2
FJ1809,bw,0.10875394679959358,0.09830400844930484,-266.67620083254303,-262.9313741941324,-3.7448266384106432,-259.03299385009757,-252.1941349141115,-6.838858935986082,False,tau2
FJ1809,cleaned,0.10268356293296191,0.09031833731070699,-269.31825255147453,-266.82869168297333,-2.4895608685012007,-261.67504556902907,-256.0914524029524,-5.583593166076639,False,
AL1606,sg,1.212179924694726,0.31188714629641456,-155.76616908851204,-209.82085023753615,54.054681149024105,-148.12296210606655,-199.0836109575153,50.96064885144875,True,tau2
AL1606,bw,1.2099848127549528,0.26719470602876755,-155.84954506646451,-216.93538425960196,61.085839193137446,-148.20633808401902,-206.19814497958112,57.99180689556209,True,tau2
AL1606,cleaned,1.2054207748768642,0.23751173569107592,-156.02338418758933,-222.3523715380447,66.32898735045538,-148.38017720514387,-211.61513225802383,63.23495505287997,True,tau2
FY2803,sg,0.6574660896218717,0.6222564712374706,-183.90816042357037,-178.04814749689305,-5.860012926677314,-176.26495344112487,-167.31090821687218,-8.954045224252695,False,TD1 TD2
FY2803,bw,0.6403161790636455,0.5325457849185911,-185.1239912008629,-185.20958693184573,0.08559573098284545,-177.4807842184174,-174.47234765182486,-3.008436566592536,False,TD1 tau2
FY2803,cleaned,0.6361174329183266,0.5277142540722756,-185.42662036622022,-185.62882739958954,0.20220703336931933,-177.78341338377476,-174.89158811956867,-2.8918252642060907,False,TD1 tau2
BC0611,sg,0.17687623069240618,0.10967687621340816,-244.30353665950474,-257.8955816987758,13.592045039271056,-236.66032967705928,-247.1583424187549,10.498012741695618,True,
BC0611,bw,0.17245416823967608,0.0959593744802858,-245.46819762064604,-264.0418088872086,18.57361126656258,-237.82499063820057,-253.30456960718772,15.479578968987141,True,
BC0611,cleaned,0.1707053172791212,0.09120055320394566,-245.93706323014902,-266.381550886632,20.444487656482977,-238.29385624770356,-255.6443116066111,17.35045535890754,True,
MJP1611,sg,0.331035983269477,0.2423869030668119,-215.47180138006667,-221.41773494556463,5.945933565497967,-207.8285943976212,-210.6804956655438,2.8519012679225852,True,
MJP1611,bw,0.30625384089991775,0.21731308913255412,-219.05118911093854,-226.44075562496786,7.389566514029326,-211.40798212849307,-215.703516344947,4.295534216453916,True,
MJP1611,cleaned,0.30594965082571723,0.2090250398024575,-219.09690183474325,-228.22946876682227,9.132566932079015,-211.45369485229776,-217.49222948680142,6.038534634503662,True,
ZM311,sg,0.619042384790082,0.2178476460369086,-186.678254877788,-226.3277416143665,39.649486736578496,-179.03504789534253,-215.59050233434562,36.555454439003086,True,
ZM311,bw,0.6112390777339123,0.19777389581652666,-187.26179116466957,-230.77463103807227,43.5128398734027,-179.61858418222408,-220.0373917580514,40.418807575827316,True,
ZM311,cleaned,0.6080579944096437,0.18137347077709456,-187.50181497554277,-234.75667430477162,47.25485932922885,-179.85860799309728,-224.01943502475075,44.16082703165347,True,
BE1110,sg,0.42044326886827493,0.20936890714229608,-204.47400745889854,-228.1538562905442,23.67984883164567,-196.83080047645308,-217.41661701052334,20.58581653407026,True,
BE1110,bw,0.42180737940474944,0.19206775607583265,-204.32500397716188,-232.12133770365378,27.796333726491895,-196.68179699471642,-221.3840984236329,24.702301428916485,True,
BE1110,cleaned,0.4200963642950984,0.1484430546045927,-204.51197737879892,-243.97309013473003,39.46111275593111,-196.86877039635345,-233.23585085470916,36.3670804583557,True,
WB2110,sg,0.7202983011415987,0.609244377929811,-179.70963713759025,-179.02025980779334,-0.6893773297969119,-172.06643015514476,-168.28302052777246,-3.7834096273722935,False,
WB2110,bw,0.7203709469506754,0.6043409582084563,-179.70499803361162,-179.39198238534513,-0.31301564826648587,-172.06179105116615,-168.65474310532426,-3.407047945841896,False,
WB2110,cleaned,0.720192605962239,0.6014305310398694,-179.71638758389338,-179.6140475294487,-0.10234005444468153,-172.07318060144792,-168.87680824942782,-3.1963723520200915,False,
HA2610,sg,0.5417168168951664,0.15050364748213899,-192.81605127670417,-243.33893847556416,50.52288719885999,-185.1728442942587,-232.6016991955433,47.42885490128458,True,
HA2610,bw,0.5322151932791965,0.14028428934892553,-193.63004338651217,-246.5734890943621,52.94344570784992,-185.9868364040667,-235.83624981434122,49.84941341027451,True,
HA2610,cleaned,0.5209280598821927,0.12614760446550002,-194.61609730824227,-251.45953165438286,56.84343434614058,-186.9728903257968,-240.72229237436198,53.74940204856517,True,
WV0510,sg,0.4656852283853008,0.19142647995068818,-199.77279027690076,-232.2751795426204,32.50238926571964,-192.1295832944553,-221.53794026259953,29.408356968144233,True,
WV0510,bw,0.4655030617903777,0.1916649487387864,-199.79078806222893,-232.21791088637872,32.42712282414979,-192.14758107978344,-221.48067160635787,29.333090526574438,True,
WV0510,cleaned,0.4649513700003358,0.19032422141030667,-199.84533737587358,-232.5408190481028,32.69548167222922,-192.2021303934281,-221.80357976808193,29.60144937465384,True,
KL1507,sg,0.5236605023964269,0.23444614916796014,-194.37544247651996,-222.9499628395453,28.57452036302533,-186.73223549407447,-212.21272355952442,25.480488065449947,True,
KL1507,bw,0.5197158303604016,0.22665193920271998,-194.7232666939422,-224.5052406486524,29.781973954710196,-187.08005971149674,-213.76800136863153,26.687941657134786,True,
KL1507,cleaned,0.51662041561431,0.21850807281434934,-194.99806071434898,-226.1884990026774,31.19043828832841,-187.35485373190352,-215.45125972265652,28.096405990753,True,
SC2404,sg,0.4160322055227318,0.27049000587106914,-204.95916404989012,-216.37153824612287,11.412374196232747,-197.31595706744463,-205.634298966102,8.318341898657366,True,
SC2404,bw,0.40517863111337077,0.25627673075221635,-206.17515749186865,-218.8544945332172,12.67933704134856,-198.53195050942315,-208.11725525319633,9.585304743773179,True,
SC2404,cleaned,0.39775013584388885,0.24594318881080723,-207.0263426692378,-220.74772898424774,13.721386315009937,-199.38313568679234,-210.01048970422687,10.627354017434527,True,
HJ1011,sg,0.19841481012167406,0.12617031973759457,-239.0176944383255,-251.45124922639067,12.43355478806518,-231.37448745588,-240.7140099463698,9.339522490489799,True,tau2
HJ1011,bw,0.19765186675571514,0.1250090824375521,-239.19491428686013,-251.87658104828014,12.681666761420018,-231.55170730441466,-241.13934176825927,9.587634463844608,True,tau2
HJ1011,cleaned,0.19763732678262225,0.12496766921600215,-239.1982983346586,-251.89182253130704,12.69352419664844,-231.55509135221314,-241.15458325128617,9.59949189907303,True,tau2
KT1809,sg,0.3112822647975903,0.2222811091222994,-218.30204226896967,-225.40098462477974,7.098942355810067,-210.6588352865242,-214.66374534475887,4.004910058234657,True,
KT1809,bw,0.3024037543010734,0.2124999538228931,-219.63314634640255,-227.47103371100567,7.8378873646031195,-211.9899393639571,-216.7337944309848,4.7438550670277095,True,tau2
KT1809,cleaned,0.29543930277619085,0.20462045788836594,-220.70493018449483,-229.20914062267218,8.504210438177353,-213.06172320204934,-218.47190134265134,5.4101781406019995,True,tau2
SJ0507,sg,0.08012636936846883,0.08449189482976273,-280.7284168188192,-269.8961970927283,-10.832219726090898,-273.08520983637374,-259.1589578127074,-13.926252023666336,False,TD1 tau2 TD2
SJ0507,bw,0.06660042620137957,0.07120441983912512,-289.2335421321616,-277.76683010714487,-11.466712025016705,-281.5903351497161,-267.02959082712397,-14.560744322592143,False,tau2 TD2
SJ0507,cleaned,0.059852212613937555,0.05437776162043787,-294.14784064210335,-290.16841245889856,-3.9794281832047886,-286.5046336596579,-279.43117317887766,-7.073460480780227,False,tau2
PE1605,sg,0.3920928931510444,0.2886145125187155,-207.6853030057884,-213.3881263536417,5.702823347853297,-200.04209602334294,-202.65088707362082,2.608791050277887,True,tau2
PE1605,bw,0.39101962430320475,0.28744094263362185,-207.8113906287323,-213.57555375812817,5.764163129395854,-200.16818364628682,-202.8383144781073,2.6701308318204724,True,tau2
PE1605,cleaned,0.3905910050628914,0.28686358254759897,-207.86184154710529,-213.6680432710603,5.806201723955013,-200.2186345646598,-202.93080399103945,2.71216942637966,True,tau2
